SKU,Qty,Amount,% of Sales,Avg Price
AC03-WHITE (AC03 - White - USB AC Charger - Color.  AC USB Adapter with single US...,4350.0,11722.7,0.1%,2.69
AC05-WHITE (AC05 - Quad Charge -White Color 4 USB Charger for AC Outlets. UL Listed),2917.0,24826.43,0.1%,8.51
AC12B-WHITE (AC12 -  -White Color 2 USB / 1 AC Outlet  charger for AC Outlets w...,562.0,4507.8,0.0%,8.02
AC25B-WHITE (AC25B - White AC Charger. ETL Certified\, Input:100 -240VAC          ...,459.0,9522.96,0.0%,20.75
AC26-WHITE (AC26 - White AC Charger ETL Certified\, PD32W Dual Port Wall Charger  ...,1199.0,9284.49,0.0%,7.74
ACAT01- CUSTOM (Custom Molded Silcone case for AT01),3.0,0.0,0.0%,0.0
ACAT01-WHITE (White Silcone case for AT01),454.0,348.0,0.0%,0.77
AT-AC03-SL (Basic Silver Lanyard for USB Drives),200.0,70.0,0.0%,0.35
AT-BAT-AAA (Generic AAA Batteries),6690.0,1467.7,0.0%,0.22
AT-PK-HW01 (Box\, Cable and manual for HW01. bundle with HW02 to create HW01),389.0,0.0,0.0%,0.0
AT-PK-SC21 (White Tuck box for SC21),10852.0,1171.5,0.0%,0.11
AT-UD20-U2-16G-BLACK (UD20 - Twist - Black 16G  USB 2.0 Drive),650.0,1243.5,0.0%,1.91
AT-UD20-U2-16G-BLUE (UD20 - Twist - Blue 295 16G  USB 2.0 Drive),700.0,1800.0,0.0%,2.57
AT-UD20-U2-4G-BLACK (UD20 - Twist - Black 4G  USB 2.0 Drive),4292.0,7920.92,0.0%,1.85
AT-UD20-U2-4G-BLUE (UD20 - Twist - Blue 295 4G  USB 2.0 Drive),400.0,916.0,0.0%,2.29
AT-UD20-U2-4G-RED (UD20 - Twist - Red 4G  USB 2.0 Drive),122.0,185.0,0.0%,1.52
AT-UD20-U2-4G-Reflex Blue (UD20 - Twist - Reflex Blue 4G  USB 2.0 Drive),100.0,225.0,0.0%,2.25
AT-UD20-U2-8G-BLACK (UD20 - Twist - Black 8G  USB 2.0 Drive),1600.0,3646.0,0.0%,2.28
AT-UD20-U2-8G-BLUE (UD20 - Twist - Blue 295 8G  USB 2.0 Drive),100.0,231.0,0.0%,2.31
AT-UD20GBE-U2-4G-REFLEXLUE (UD20 -Consignment Inventory Twist -Reflex Blue  4G  U...,500.0,970.0,0.0%,1.94
BA01-WHITE (BA01 - Boost USB Charger - White - USB based charging booster for mob...,180.0,549.0,0.0%,3.05
BA03 (BA03 -Wheat Straw multi Port data protector.),386.0,1768.55,0.0%,4.58
BAT-AAA (Generic AAA Batteries),2880.0,729.0,0.0%,0.25
BF-FS55-CTA (Floorstand for 55 Display),3.0,0.0,0.0%,0.0
BO13 (BO13- Silver Bottle Shaped Steel Bottle opener.),250.0,115.0,0.0%,0.46
BO17 (BO17-  Custom PVC Bottle Openers.),1250.0,2922.5,0.0%,2.34
BSBI-HS124 (BrightSign Built-In HS124 companion board),14.0,0.0,0.0%,0.0
BSBI-HS125 (BrightSign Built-In HS125 companion board),3514.0,0.0,0.0%,0.0
BSBI-HS144 (BrightSign Built-In HS144\, 4K companion board),7.0,0.0,0.0%,0.0
BSBI-HS145 (BrightSign Built-In HS145 companion board),9929.0,83085.0,0.4%,8.37
BSBI-WD104 (BrightSign Built-In WD104\, dual antenna Wi-Fi Module  ),438.0,8100.0,0.0%,18.49
BSBI-WD104-500 (BrightSign Built-In WD104\, dual antenna Wi-Fi Module\, 500mm long ...,2302.0,66075.0,0.3%,28.7
BSBI-WIFI (BrightSign Built-In Wi-Fi Module\, WS103 Series 3 WIFI/Bluetooth  ),-1.0,0.0,0.0%,0.0
BSBI-WS-ANT (BrightSign WS 101 antenna only),50.0,600.0,0.0%,12.0
BSBI-XT1144-PP (BrightSign Built-In XT1144-PP-PCBA),4141.0,2750.0,0.0%,0.66
CA10 (CA10 - 2 port Car Charger - 30W PD and 18W QC.   Input: DC 12-24V\, USB-C ou...,252.0,1305.0,0.0%,5.18
CB101 (CB101),300.0,1026.0,0.0%,3.42
CB31 (CB31 - Multicolor 4 in 1 Charging cable.  6 pin lightning\, micro usb\, mini ...,2850.0,9458.0,0.0%,3.32
CB32-WHITE (CB32 - White 3 in 1 keychain charging cable.  6 pin lightning\, micro ...,2270.0,10592.5,0.1%,4.67
CB34-BLUE (CB34 - Blue Square keychain 3 in 1 Charging cable.  6 pin lightning\, m...,100.0,169.0,0.0%,1.69
CB35 (CB35 - Keychain Data & Charging cable includes type C\, Apple lightning and ...,250.0,603.0,0.0%,2.41
CB39 (CB39 - Swiss Army Cable -  Folding 3 in 1 charge cable.  Includes: Type C\, ...,400.0,1412.0,0.0%,3.53
CB46 (CB46 - Keychain 3 in charging Cable with aluminum accents.  Includes Type C...,2900.0,6962.3,0.0%,2.4
CB46-BLACK (CB46 -Black -  Keychain 3 in charging Cable with aluminum accents.  I...,2450.0,5328.0,0.0%,2.17
CB47 (CB47- Braided 3 in 1 Charging cable with aluminum trim.  Includes Type C\,  ...,6600.0,16948.7,0.1%,2.57
CB47-BLACK (CB47-Black -  Braided 3 in 1 Charging cable with aluminum trim.  Incl...,2765.0,8049.12,0.0%,2.91
CB54 (CB54- Braided 3 in 1 Charging cable with aluminum trim.  Includes Type C\,  ...,15.0,0.0,0.0%,0.0
CB61 (CB61- - Bamboo Charging Cable\, USB A input\, USB C input\, USB C output ( 2A ...,5568.0,15278.64,0.1%,2.74
CB62 (CB62- - Bamboo Charging Cable Kit. Includes USB-A  to USB-C cable and\, C to...,15448.0,89833.75,0.4%,5.82
CB63-BLACK (CB63- - Black Plastic Charging Cable Kit. Includes USB-A  to USB-C ca...,1886.0,12344.95,0.1%,6.55
CB63-WHITE (CB63- - White Plastic Charging Cable Kit. Includes USB-A  to USB-C ca...,1595.0,5883.45,0.0%,3.69
CB64-BLACK (CB64- - Black Square retractable 3 in 1 charging cable with phone sta...,1451.0,5119.0,0.0%,3.53
CB64-WHITE (CB64- - White Square retractable 3 in 1 charging cable with phone sta...,400.0,1240.0,0.0%,3.1
CB65 (CB65- - White 1M 60 Watt USB C to USB C charging cable.),282.0,618.13,0.0%,2.19
CB66 (CB66- - Black Braided Type C 60 Watt PD 3 in 1 data cable.  Type C 60Wpd ou...,500.0,1416.0,0.0%,2.83
CB69 (CB69- - Square Bamboo Charging Cable Kit. Includes USB-A  to USB-C cable an...,2230.0,15117.6,0.1%,6.78
CB72 (CB72 Cable Bracelet - Lightning Charging cable.  ),500.0,825.0,0.0%,1.65
CB73 (CB73 Cable Bracelet - Type C Charging cable.  ),500.0,825.0,0.0%,1.65
CB74 (CB74 - Small Woven Type A to Type C USB Data Cable Bracelet.  Approximately...,100.0,241.8,0.0%,2.42
CB78 (CB78 - Type C 100 Watt\, 3 in 1 Retractable Data Cable.  Features Type C inp...,1.0,0.0,0.0%,0.0
CB91 (CB91-),18860.0,29305.4,0.1%,1.55
CB99 (CB99- - Epoxy Dome 3 in 1 Charging Cable\, USB A input\, \, USB C output ( 2A ...,1912.0,6617.0,0.0%,3.46
CL01 (CL01 - Black -  Wide Eyes Universal Mobile Device Camera Lens. Includes Wid...,100.0,441.0,0.0%,4.41
CL03 (CL03- Black - Optical Telescope -  Mobile Camera Lens. Long Focal Length Le...,200.0,1437.6,0.0%,7.19
CM04 (CM04 - Custom Molded and UV Printed Metal Magnetic Nametags),5200.0,12740.0,0.1%,2.45
CM05 (CM05 - Custom Molded Metal Bottle Openers.),750.0,2550.0,0.0%,3.4
CM10 (CM10 - Custom Molded Silicone Straw Toppers),12000.0,11861.0,0.1%,0.99
CM12 (CM12 - CUSTOMPVC - Custom PVC Phone Stand.),523.0,3912.45,0.0%,7.48
CO03-WHITE (CO03 - 45QT White Cater Gater rotomolded cooler.),2.0,420.0,0.0%,210.0
CR01 (CR01 - Custom PVC Croc Charms),73303.0,40434.56,0.2%,0.55
CR03 (CR03 - 3  Pack Custom PVC Croc Charms on 4 x 6 Full Color Backer Card in f...,500.0,1835.0,0.0%,3.67
CR04 (CR04 - 4 Pack Custom PVC Croc Charms on 4 x 6 Full Color Backer Card in fi...,525.0,1601.25,0.0%,3.05
CR05 (CR05 - 5 Pack Custom PVC Croc Charms on 4 x 6 Full Color Backer Card in fi...,500.0,1626.0,0.0%,3.25
CT01-ORANGE (CT01 - Orange 80 x 30cm\, 155g Polyester Cooling Towel.),650.0,1209.0,0.0%,1.86
CT01-WHITE (CT01 - White 80 x 30cm\, 155g Polyester Cooling Towel.),500.0,930.0,0.0%,1.86
CT03 (CT03 - White 80 x 30cm\, 155g Polyester Cooling Towel with 1 location Sublim...,450.0,905.0,0.0%,2.01
CT05-WHITE (CT05 -Rpet White 80 x 30cm\, 155g Rpet Cooling Towel.),1000.0,1860.0,0.0%,1.86
CT06 (CT06 - Rpet - White 80 x 30cm\, 155g Rpet Cooling Towel with 1 location Subl...,530.0,1599.6,0.0%,3.02
CT07 (CT07 -Cooling Sublimated 2 Layer  Headband.),500.0,1075.0,0.0%,2.15
DF070C-IPS-MF-WHITE (DF07-IPS-MF -  White Matte Finish flat bezel\, 7 IPS Digital...,47.0,1818.65,0.0%,38.69
DF07B-MF-WHITE (DF07B-MF - PictureIT - White Matte Finish flat bezel\, 7 Digital ...,905.0,31245.9,0.1%,34.53
DM04 (DM04 - Distance Measurer-  Ultrasonic distance measurer.),94.0,1621.5,0.0%,17.25
DM07 (DM07 - Distance Measurer-  Laser Distance Measurer .4-40m range.),200.0,6736.0,0.0%,33.68
DW01-SILVER (20 Oz  Silver -  Double Wall Stainless Tumbler),2222.0,6279.4,0.0%,2.83
DW01P-BLACK (20 Oz  Black - Powder Coated Double Wall Stainless Tumbler),2535.0,10745.96,0.1%,4.24
DW01P-WHITE (20 Oz  White - Powder Coated Double Wall Stainless Tumbler),5541.0,28865.32,0.1%,5.21
DW02-BLACK (DW02- Black - 30oz - Double Wall Stainless Vacuum Tumbler.),358.0,2074.71,0.0%,5.8
DW02-SILVER (DW02- Silver- 30oz - Double Wall Stainless Vacuum Tumbler.),1730.0,7073.19,0.0%,4.09
DW06-BLACK (DW06- Black - 12oz cup with stainless band.),1141.0,3117.11,0.0%,2.73
DW06-RED (DW06- Red 12oz cup with stainless band.),51.0,220.25,0.0%,4.32
DW06-SILVER (DW06- Silver - 12oz cup with stainless band.),2727.0,7727.2,0.0%,2.83
DW06-WHITE (DW06- White 12oz cup with stainless band.),3157.0,8759.22,0.0%,2.77
DW07-BLACK (DW07- Black - 20oz straw bottle.),374.0,2158.69,0.0%,5.77
DW07-WHITE (DW07- White - 20oz straw bottle.),963.0,5708.14,0.0%,5.93
DW16-RED (DW16- Red - 20 OZ Double Wall Vacuum Stainless Tumbler with straw and B...,126.0,302.0,0.0%,2.4
EB48-WHITE (EB48 -  - White Wired Earbuds. Large Imprintable area on earbuds.),250.0,507.5,0.0%,2.03
EB54 (EB54 - Bone Conduction Headphones.   Bluetooth 5.0),47.0,562.6,0.0%,11.97
EB56 (EB56 - Budget Bluetooth earbuds.),12259.0,88834.14,0.4%,7.25
EB57 (EB57 - McDonalds Custom PVC earbuds.),4023.0,14321.88,0.1%,3.56
EC01-BLACK (EC01 - Silicone Airpod Case Covers - Black Silicone Case Cover for Ap...,251.0,424.19,0.0%,1.69
EC03-BLACK (EC03 -  Black Thin Silicone Airpod Case Covers - for Apple Airpods\, i...,500.0,215.0,0.0%,0.43
EC03-BLUE (EC03 - Royal Blue ThinSilicone Airpod Case Covers - for Apple Airpods\,...,450.0,260.0,0.0%,0.58
EC05-BLACK (EC05 - Silicone Airpod Plus Case Covers - Black Silicone Case Cover f...,1922.0,4076.5,0.0%,2.12
EC05-BLUE (EC05 - Silicone Airpod Plus Case Covers - Blue Silicone Case Cover for...,450.0,945.7,0.0%,2.1
EC05-WHITE (EC05 - Silicone Airpod Plus Case Covers - White Silicone Case Cover f...,1000.0,1960.0,0.0%,1.96
EC07-BLACK (EC07 - Silicone Airtag Keyring Covers - Black Silicone Case Cover for...,388.0,599.76,0.0%,1.55
EC07B-BLACK (EC07B - Silicone Airtag Keyring Covers - Black Silicone Case Cover f...,500.0,747.5,0.0%,1.5
EC07B-BLUE (EC07B - Silicone Airtag Keyring Covers - Blue Silicone Case Cover for...,2253.0,3065.95,0.0%,1.36
EC09-BLACK (EC09 - - Black Leather Case for Apple Airtags includes Split ring key...,6152.0,16541.71,0.1%,2.69
EC09-BROWN (EC09 - - Brown Leather Case for Apple Airtags includes Split ring key...,956.0,2502.11,0.0%,2.62
EC10-BLACK (EC10 - - Black Silicone Apple Airpods Gen 3 Case with carabiner.),1235.0,2531.75,0.0%,2.05
EC11 (EC11 - Custom Designed PVC Apple Airpod Case (3rd Gen).),172.0,540.0,0.0%,3.14
EC12 (EC12 - Custom Designed PVC Apple Airpod Pro Case(2nd Gen).),155.0,719.2,0.0%,4.64
EC15 (Silicone Dog Collar Airtag Case),125.0,228.75,0.0%,1.83
EC18 (EC18 - Black Card Style Airtag Holder.),250.0,557.5,0.0%,2.23
EC19 (EC19 PU Luggage Tag with Airpod Holder.),3151.0,5395.0,0.0%,1.71
EC20 (EC20 - - Black Silicone Apple Airpods Gen 4 Case with carabiner.),125.0,280.0,0.0%,2.24
ES04 (ES04 - Bluetooth Earbud Connector to transmit through 3.5mm audio jack.  Ea...,13163.0,137651.69,0.7%,10.46
ES05 (ES05 -White Bluetooth Wireless Transmitter witih LED.Transmit or recieve to...,470.0,5986.5,0.0%,12.74
FM21 (FM21 - White 3 layerPolyester Face Mask with 1 location Sublimation Imprint..),250.0,505.0,0.0%,2.02
FN05B-BLACK (FN05B -3 in 1 Fan - Black with black trim Silcone Fan with Type C\,  ...,3100.0,7686.5,0.0%,2.48
FN05B-CUSTOM (FN05B -3 in 1 Fan - Custom Color with black trim Silcone Fan with T...,3073.0,5250.0,0.0%,1.71
FN05B-WHITE (FN05B -3 in 1 Fan - White with black trim Silcone Fan with Type C\,  ...,10313.0,20711.91,0.1%,2.01
FN09B-CUSTOM (FN09B - - Custom Color Cool Breeze Neck Fan.),7401.0,55426.0,0.3%,7.49
FN09B-WHITE (FN09B - - White Cool Breeze Neck Fan.),15339.0,164484.9,0.8%,10.72
FN11 (FN11 White Two way folding hand fan with 3 speeds.  1200 mAh battery\, usb r...,1375.0,11486.8,0.1%,8.35
FN12 (FN12 White Folding Hand Fan with built in phone stand\, mirror and flashlight.),210.0,1424.36,0.0%,6.78
FN15 (FN15 Charcoal Grey Aluminum Mini Fan.  3 Speeds\, 4000mah battery. Up to 20 ...,9.0,54.54,0.0%,6.06
HS03-BEIGE (HS03 - Beige Wheat Straw Dog Bone Shaped Dog Poop bag holder.),850.0,510.0,0.0%,0.6
HW01-BLACK (HW01  Black Single Handwarmer.  3 heat settings\, white box package.),244.0,2421.08,0.0%,9.92
HW02-BLACK (HW02  2 Pack of Black Handwarmers.  3 heat settings\, white box package.),6390.0,119891.53,0.6%,18.76
IC07 (IC07- Rotate  Ipad 10.2 Case.  Leatherette case rotates 360 degrees for ult...,4290.0,37935.3,0.2%,8.84
IC34 (IC34- Rotate  Ipad 10th Generation Case.  Leatherette case rotates 360 degr...,2655.0,25050.35,0.1%,9.44
IC36 (IC36- Ipad Pro 12.9 6th Gen Hard Case with Hand Strap.),1100.0,25245.0,0.1%,22.95
IS01-BLACK (IS01- - Black Aluminum Tablet /  Mobile Device Stand.),471.0,976.1,0.0%,2.07
IS01-BLUE (IS01- - Blue Aluminum Tablet /  Mobile Device Stand.),350.0,346.5,0.0%,0.99
IS01-SILVER (IS01- - Silver Aluminum Tablet /  Mobile Device Stand.),1152.0,2358.0,0.0%,2.05
IS03-BLACK (IS03- - Folding Black Aluminum Tablet /  Mobile Device Stand.),1582.0,15172.6,0.1%,9.59
IS03-SILVER (IS03- - Folding Silver Aluminum Tablet /  Mobile Device Stand.),1226.0,11234.28,0.1%,9.16
IS08 (IS08- Black Plastic  Folding Phone Stand),400.0,1713.0,0.0%,4.28
JB-CUSTOM-10000 (JB-Custom PVC PowerBank - 10\,000mah),601.0,9462.69,0.0%,15.74
JB01-BLACK (JB-Topaz\, Black 2200 MaH Emergency Charger.  5V\, 1A Output via USB.  ...,111.0,792.0,0.0%,7.14
JB13 (JB-Solar trim 4400 MaH Emergency Charger\, with Solar panel.  5V\, 1A Output ...,3902.0,40381.8,0.2%,10.35
JB16 (JB-Renew 8800 MaH Emergency Charger\, with Solar panel.  5V\, 1A Output via U...,601.0,10113.0,0.0%,16.83
JB2169-GREY (JB2169- 5K mah Dark  Aluminum Magsafe Compatible Power Bank with u s...,2699.0,37235.97,0.2%,13.8
JB25-BLACK (JB-Aluminum Black 4000 MaH Emergency Charger.  5V\, 2.1 & 1A Output vi...,636.0,6030.27,0.0%,9.48
JB25-SILVER (JB-Aluminum Silver 4000 MaH Emergency Charger.  5V\, 2.1 & 1A Output ...,1911.0,15947.6,0.1%,8.35
JB39D-WHITE (JB39D -  Compact White 5000mah High Density Power bank. USB C output.),2775.0,24239.51,0.1%,8.73
JB43-WHITE (JB43 -  White 10\,000mah Power Bank\, Output: 1 x 2.1A\, 1 x 1A),2061.0,21548.01,0.1%,10.46
JB52-WHITE (JB52 - White - Charge N Go 200mah keychain power bank with integrated...,653.0,2628.04,0.0%,4.02
JB57 (JB57 - 5000 mah Magnetic Wireless Charging Power Bank. With 20W PD Output.),17743.0,248739.8,1.2%,14.02
JB58 (JB58 - 20K Mah 65 Watt Power Bank.    Total 65W PD output),556.0,17995.19,0.1%,32.37
JB59 (JB59 - 10\,000mah Solar and   Wireless Charging Power Bank.  Includes built ...,1090.0,23589.15,0.1%,21.64
JB60 (JB60 - 10\,000mah See Through Wireless Charging Power Bank supports MagSafe ...,400.0,7325.24,0.0%,18.31
JB65 (JB65 - Black 3 in 1\, 10K Mah Magnetic 15W Wireless Charging Power Bank..  C...,2.0,0.0,0.0%,0.0
JB66 (JB66 - 10\,000ma Magnetic Wireless  Power Bank with LED.  Type C output. Inc...,5296.0,94390.67,0.5%,17.82
JB69 (JB69-5000mah Power Bank with Light  up Logo),201.0,2588.0,0.0%,12.88
JB70 (JB70-10000mah Power Bank with Light  up Logo),252.0,4306.5,0.0%,17.09
JB72 (JB72- Business Notebook with 8000mah Power Bank and 16GB Flash Memory.),61.0,1592.71,0.0%,26.11
LG02 (LG02 - Sublimated Luggage Strap.),1580.0,5818.4,0.0%,3.68
LG03 (LG03 - Silkscreen Luggage Strap - PolyLuggage Strap.),100.0,384.0,0.0%,3.84
LG04 (LG04 - Custom PVC Luggage Tag),5480.0,16002.06,0.1%,2.92
LG05 (LG05 - Custom PVC Keychain),31544.0,63829.16,0.3%,2.02
LG06 (LG06 - Round Badge Reel with Epoxy Dome Logo.),500.0,520.0,0.0%,1.04
LG08 (LG08 - Custom PVC Zipper Pull),500.0,810.0,0.0%,1.62
LS01-BLACK (LS01 - Luggage Scale - Black LED Scale for weighing your luggage or o...,1558.0,6029.46,0.0%,3.87
LY-SPECIAL (LY-SPECIAL -Special Order Lanyards.),3050.0,7632.0,0.0%,2.5
LY1002 (LY1002 - 3/4 PET Recycled lanyard with step and repeat logo.   Standard ...,1600.0,1424.0,0.0%,0.89
LY101 (LY101 - 1 Polyester lanyard with Step and Repeat imprint.  Standard J Cli...,8950.0,6091.8,0.0%,0.68
LY102 (LY102 -  3/4 Polyester lanyard with Step and Repeat imprint.  Standard J ...,49051.0,38796.8,0.2%,0.79
LY103 (LY103 - 5/8 Polyester lanyard with Step and Repeat imprint.  Standard J C...,17542.0,9003.29,0.0%,0.51
LY104 (LY104 - 3/8 Polyester lanyard with Step and Repeat imprint.  Standard J C...,7850.0,3899.0,0.0%,0.5
LY1202 (LY1202 - 3/4 Bamboo Fiber lanyard with step and repeat logo.   Standard ...,350.0,350.0,0.0%,1.0
LY1203 (LY1203 - 5/8 Bamboo Fiber lanyard with step and repeat logo.   Standard ...,850.0,970.0,0.0%,1.14
LY1401 (LY1401 -1 Wide Adjustable Polyester Dog Collar),650.0,2016.0,0.0%,3.1
LY1501 (LY1501 -1 Wide Adjustable Polyester Dog Collar),100.0,266.0,0.0%,2.66
LY1801 (LY1801 -1 Sublimated Wrist Lanyard with split ring keyring  ),14150.0,7031.0,0.0%,0.5
LY1802 (LY1802 -3/4 Sublimated Wrist Lanyard with split ring keyring  ),3000.0,1485.0,0.0%,0.5
LY201 (LY201 - 1 Polyester with Sublimation print.  Standard J Clip attachment.),15905.0,12764.95,0.1%,0.8
LY202 (LY202 -  3/4 Polyester with Sublimation print.  Standard J Clip attachment.),130252.0,76810.83,0.4%,0.59
LY203 (LY203- 5/8 Polyester with Sublimation print.  Standard J Clip attachment.),11850.0,5931.0,0.0%,0.5
LY204 (LY204- 3/8 Polyester with Sublimation print.  Standard J Clip attachment.),501.0,354.5,0.0%,0.71
LY303 (LY303- 5/8 Tubular lanyard with step and repeat logo.  Standard J Clip at...,250.0,172.5,0.0%,0.69
LY304 (LY304-  3/8 Tubular lanyard with step and repeat logo.  Standard J Clip a...,6900.0,3204.0,0.0%,0.46
LY401 (LY401 - 1 Polyester lanyard  with Sublimation lanyard on top.  Standard J...,3700.0,5519.0,0.0%,1.49
LY70-WHITE (LY70- Cable Lanyard - White Woven lanyard with Micro / lightning comb...,350.0,1260.5,0.0%,3.6
LY702 (LY702 - 3/4 Nylon lanyard with step and repeat logo.  Standard J Clip att...,4130.0,4266.8,0.0%,1.03
LY902 (LY902 - 3/4 Reflective lanyard with step and repeat logo.   Standard J Cl...,650.0,539.5,0.0%,0.83
LYBH01 (LY-BH01 - 3 x 4 Clear PVC Horizontal Badge Holder. Supports 2.25 x 3.8...,1680.0,420.0,0.0%,0.25
LYBH02 (LY-BH02 - 2.5 x 4  Clear PVC Vertical Badge Holder.  Supports card dime...,3600.0,900.0,0.0%,0.25
MA08-BLACK (MA08 Black Silicone Straw Topper for 40oz Stanley Cups.),250.0,270.0,0.0%,1.08
MA08-BLUE (MA08 Blue Silicone Straw Topper for 40oz Stanley Cups.),500.0,465.0,0.0%,0.93
MA08-WHITE (MA08 White Silicone Straw Topper for 40oz Stanley Cups.),2100.0,2310.0,0.0%,1.1
MA10-WHITE (MA10 White Magnetic Silicone Cable Wrap),550.0,325.0,0.0%,0.59
MG04B (MG04B- Massage Gun),4800.0,150667.42,0.7%,31.39
MG06 (MG06 -Aurora Blue - Eye Massager),397.0,5324.23,0.0%,13.41
MG07 (MG07 - White Eye Massager),80.0,5912.13,0.0%,73.9
MP02 (MP02 -  Gaming Mouse Pad with Full color Graphics.  Approximate size is 14x...,503.0,2286.66,0.0%,4.55
MR01-GREY (MR01 - Mobile Ring - Grey Metal Phone Holder Ring.),1325.0,873.0,0.0%,0.66
MR03 (MR03 - Custom Shape Mobile Ring -  Custom shape with metal Phone Holder Ring.),1501.0,1679.0,0.0%,1.12
MSD-16G (16GB Micro SD Card - Black\, Bulk Packaging),1308.0,3793.2,0.0%,2.9
OM01 (OM01 - Fly -   Mini Optical Mouse with Retractable Cable),570.0,3264.3,0.0%,5.73
OM14-CUSTOM (OM14 - Lobster -  Foldable wireless mouse with removable USB 2.4Mhz ...,450.0,3433.5,0.0%,7.63
OM14-WHITE (OM14 - Lobster -  White\, Foldable wireless mouse with removable USB 2...,1343.0,9095.53,0.0%,6.77
OM19-BLUE (OM19 - Zoom - Blue -  Wireless mouse.),250.0,1730.0,0.0%,6.92
OM22 (OM22-Adhesive Fabric Mouse Sleeve.  Conveniently store your mouse on the si...,200.0,700.0,0.0%,3.5
PH04 (PH04 - Air Mount\, Vent mount car phone holder.  ),2185.0,9614.0,0.0%,4.4
PH09 (PH09-Clutch  Black  Air Vent Phone Holder),740.0,5263.49,0.0%,7.11
PH21 (PH21 - Black Stick on Magnetic Phone Holder),350.0,1162.0,0.0%,3.32
PH24 (PH24 - Black Car Cup Mount Phone Holder.),1270.0,14585.2,0.1%,11.48
PH25 (PH25 -Clip n Dash -  Black Car Clamp on dash mounted phone holder.),2000.0,9740.0,0.0%,4.87
PH26 (PH26 - Black Vent Mount Gravity Phone Holder.),501.0,1448.43,0.0%,2.89
PH28 (PH28 - Black AirPlane Phone Holder.),1947.0,8893.26,0.0%,4.57
PH29 (PH29 - Deluxe Black AirPlane Phone Holder.),510.0,3981.0,0.0%,7.81
PK-ST01-WS (PK-ST01-WS -  Wheat Straw tube for ST01B.  Eco friendly biodegradable...,1000.0,250.0,0.0%,0.25
PK313 (Black Leatherette Zipper case.),370.0,8189.4,0.0%,22.13
PM01-BLACK (PM01 - Pointer Mouse - Black hand held mouse\, stylus and powerpoint p...,180.0,2935.8,0.0%,16.31
PN01-BLACK (PN01 - Tactical Pen - Black.  Black Aluminum pen with glass breaker.),417.0,2942.0,0.0%,7.06
PW01-BLACK (PW01 - Phone Wallet - Black Silicone Phone Wallet for mobile devices....,5750.0,4372.5,0.0%,0.76
PW06B-BLACK (PW06 - Double Phone Wallet - Black Silicone Phone 2 pocket Wallet fo...,1500.0,910.0,0.0%,0.61
PW07-BLACK (PW07 - PU Leatherette Phone Wallet with Mobile Ring -  Includes 3M ad...,700.0,504.0,0.0%,0.72
PW10-BLACK (PW10 - Black PU Magnetic Phone Wallet with fold out landscape / Portr...,361.0,3262.0,0.0%,9.04
PW11-BLACK (PW11 - PU Magnetic Phone Wallet.),750.0,1822.5,0.0%,2.43
PW11-BLUE (PW11 - PU Blue Magnetic Phone Wallet.),50.0,121.5,0.0%,2.43
PW11-BROWN (PW11 - PU Brown Magnetic Phone Wallet.),250.0,650.0,0.0%,2.6
RFID-HIWAV (Hiwav URL.),4250.0,0.0,0.0%,0.0
RFID01 (RFID01- RFID Bracelet -  RFID Bracelet.),1000.0,2070.0,0.0%,2.07
RFID06 (RFID06 -  -  RFID PVC Card with Ntag 213 chipset..),2100.0,2058.0,0.0%,0.98
RFID17 (RFID17- RFID Bracelet -  RFID Elastic Bracelet.    Chipset:  Mifare Class...,500.0,1210.0,0.0%,2.42
RFID52 (RFID52 - Digital Business Card powered by Hiwav.  PVC RFID business card ...,4666.0,26783.61,0.1%,5.74
RFID60 (RFID60 - NFC Acrylic Table Stand),112.0,891.52,0.0%,7.96
SA03-BLACK (SA03 - Keep Away - Black Portable Safety Alarm with LED light and key...,770.0,7016.4,0.0%,9.11
SC03 (SC03  - Wipee - Microfiber Mobile Device Screen Clearn with Self Adhesive S...,1000.0,950.0,0.0%,0.95
SC10 (SC10  - Wipee 6 x 6L  -15cm x 15cm  Microfiber Screen Cleaner cloth.),7500.0,3488.0,0.0%,0.47
SC12 (SC12   - Large Wipee  (30 x 30cm)   -  Large Microfiber Cleaner Cloth. ( ap...,500.0,850.0,0.0%,1.7
SC21B-DARKBLUE (SC21B  -Spray & Wipe\, Navy  Blue\, Water based screen cleaner with...,30205.0,49081.61,0.2%,1.62
SC21B-GREY (SC21B  -Spray & Wipe\,  Grey\,   Water based screen cleaner with integr...,56734.0,94376.29,0.5%,1.66
SC23 (SC23- - Grey Sticky Microfiber Camera cover / Screen Cleaner.),500.0,550.0,0.0%,1.1
SD-16G-BLACK (16GB SD card),500.0,250.0,0.0%,0.5
SD-ADAPTER-MICRO (SD card adapter for Micro SD Cards.),100.0,30.0,0.0%,0.3
Seneca-HDsV4 (Intel Celeron\, 8GB DDR4\, 64GB eMMC\, 1x Realtek Gigabit 10/100/1000 ...,271.0,0.0,0.0%,0.0
SL02B-BLACK (SL02B -Selfie Ring - Black\, Round Selfie Light for Mobile phones.),2400.0,5267.3,0.0%,2.19
SL06-BLACK (SL06 -8 Ring light with Tripod stand and phone holder.),313.0,7639.81,0.0%,24.41
SL07-BLACK (SL07 -10 Ring light with Tripod stand and phone holder.),50.0,1297.5,0.0%,25.95
SL08-BLACK (SL08 -Black Clip on USB Ring Light.),25.0,492.25,0.0%,19.69
SL14-WHITE (SL14 -Selfie Ring - White\, Round Selfie Light for Mobile phones with ...,30057.0,68764.91,0.3%,2.29
SLV01 (SLV01- IDControl - RFID Sleeve- Custom Design RFID protective sleeve.),2000.0,1500.0,0.0%,0.75
SLV04-BLACK (SLV04-Black - Vaccine Card Holder-),2000.0,349.0,0.0%,0.17
SLV04-RED (SLV04-Red - Vaccine Card Holder-),500.0,85.0,0.0%,0.17
SP66-BLACK (SP66 - Black Bluetooth Speaker.),3093.0,18306.35,0.1%,5.92
SP66B-BLACK (SP66 - Black Bluetooth Speaker.),1564.0,8754.18,0.0%,5.6
SP76-WHITE (SP76 - White Bluetooth Wireless Speaker with integrated Wireless Char...,2445.0,41842.96,0.2%,17.11
SP82B (SP82 - Wood light up Bluetooth speaker.  Recharges vis USB C.),2381.0,9945.88,0.0%,4.18
SP88B (SP88B - Black - IPX 7 Waterproof Bluetooth speaker.  Recharges via Type C.),2916.0,63223.93,0.3%,21.68
SP89 (SP89 - Black - Rectangular IPX 4 Water proof   Bluetooth speaker with carab...,520.0,2961.0,0.0%,5.69
SP89B (SP89B - Black - Rectangular IPX 4 Water proof   Bluetooth speaker with car...,13985.0,81180.42,0.4%,5.8
SP91 (SP91 - Bamboo Wireless speaker with convenient phone holder on top.),1392.0,9399.89,0.0%,6.75
SP93 (SP93 - Speaker with white noise machine.),100.0,1600.0,0.0%,16.0
ST01B-BLACK (ST01B - Black  Silicone / Stainless Steel retractable straw.),1368.0,1135.99,0.0%,0.83
ST01B-BLUE (ST01B - Blue  Silicone / Stainless Steel retractable straw.),1156.0,989.71,0.0%,0.86
ST01B-RED (ST01B - Red Silicone / Stainless Steel retractable straw.),1702.0,1363.0,0.0%,0.8
TA06 (TA06 -Black with Grey Trim Universal Travel Adapter\, with 4 USB (Total 2.4A...,1000.0,15721.0,0.1%,15.72
TA09-BLACK (TA09 -Black Universal Travel Adapter\, with 3 USB. 1 Type C and 1 PD T...,801.0,17248.0,0.1%,21.53
TA11-BLACK (TA11 - Travel Spot -Black Travel Charger.  Features 2  integrated USB...,1762.0,15766.27,0.1%,8.95
TA14-WHITE (TA14 -White Travel Adapter / Charger.  Features 1 USBA and 1 USB Type...,1182.0,12765.9,0.1%,10.8
TC02 (Time Cube 02 - White 5-15-30-60 Minute Timer Cube),2.0,0.0,0.0%,0.0
TC05 (Cube Timer  - White 5\, 10\, 15\, 20\, 30 Minutes.),740.0,3766.0,0.0%,5.09
TL09-BLACK (TL09- Black 3 in 1 COB Flashlight with Magnet\, Glass Breaker and Seat...,400.0,1351.5,0.0%,3.38
TS01-BLACK (TS01 - The Digit - Black\, Capacitive Touch Stylus),500.0,390.0,0.0%,0.78
TS20-WHITE (TS20 -  White\,  Touch Stylus),1450.0,22922.3,0.1%,15.81
TT01-BLACK-BLACK (TT01 - Twiddle Twitch - Black with Black Buttons.),700.0,1765.0,0.0%,2.52
TT01-BLACK-ORANGE (TT01 - Twiddle Twitch - Black with Orange Buttons.),550.0,1425.6,0.0%,2.59
TT01-WHITE-BLACK (TT01 - Twiddle Twitch - White with Black Buttons.),2000.0,5057.5,0.0%,2.53
TT01-WHITE-BLUE (TT01 - Twiddle Twitch - White with Blue Buttons.),800.0,2047.6,0.0%,2.56
TT01-WHITE-RED (TT01 - Twiddle Twitch - White with Red Buttons.),100.0,264.0,0.0%,2.64
TT14-BLACK (TT14-Silicone Popper Game - Black),3395.0,8107.55,0.0%,2.39
TT14-RED (TT14-Silicone Popper Game - Red),900.0,2104.7,0.0%,2.34
TT15 (TT15 - Mini silicone Popper),7325.0,8852.6,0.0%,1.21
TT15-CUSTOM (TT15 - Mini silicone Popper - Custom Color.),35500.0,44420.0,0.2%,1.25
TT17 (TT17 Hamburger Popper.),6096.0,4094.75,0.0%,0.67
TT18 (TT18 Spin Magic Ball),170.0,642.0,0.0%,3.78
UA03-BLACK (UA03 - Black Desktop Vacuum with rechargable lithium ion battery.),250.0,2825.0,0.0%,11.3
UA03-WHITE (UA03 - White Desktop Vacuum with rechargable lithium ion battery.),101.0,1272.6,0.0%,12.6
UA06 (UA06 - Aluminum USB C to USB A adapter.),500.0,575.0,0.0%,1.15
UD03-U2-4G (UD03 - Gem -  4GB  USB 2.0 Drive),100.0,211.2,0.0%,2.11
UD03-U2-8G (UD03 - Gem -  8GB  USB 2.0 Drive),400.0,922.2,0.0%,2.31
UD09-U2-4G (UD09 - Glide -  4GB  USB 2.0 Drive),100.0,211.0,0.0%,2.11
UD10-U2-32G (UD10 - Swift -  32GB  USB 2.0 Drive),300.0,1224.0,0.0%,4.08
UD10-U2-4G (UD10 - Swift -  4GB  USB 2.0 Drive),100.0,254.0,0.0%,2.54
UD106-U2-8G (UD106 - Edge Type C-  8GB  USB 2.0 Drive),100.0,550.0,0.0%,5.5
UD107-U2-16G (UD107 Glow Type C-  16GB  USB 2.0 Drive),300.0,2187.0,0.0%,7.29
UD108-U2-64G (UD108 - Pixie Type C-  64GB  USB 2.0 Drive),100.0,939.0,0.0%,9.39
UD108-U2-8G (UD108 - Pixie Type C-  8GB  USB 2.0 Drive),725.0,5016.5,0.0%,6.92
UD109-U2-8G (UD109 - Carabiner -  8GB  USB 2.0 Drive),1950.0,6893.0,0.0%,3.53
UD15-U2-16G (UD15 - Grace-  16GB  USB 2.0 Drive),300.0,730.0,0.0%,2.43
UD15-U2-2G (UD15 - Grace-  2GB  USB 2.0 Drive),1000.0,2090.0,0.0%,2.09
UD15-U2-32G (UD15 - Grace-  32GB  USB 2.0 Drive),50.0,195.0,0.0%,3.9
UD15-U2-4G (UD15 - Grace-  4GB  USB 2.0 Drive),3050.0,6346.9,0.0%,2.08
UD15-U2-8G (UD15 - Grace-  8GB  USB 2.0 Drive),4650.0,10276.5,0.0%,2.21
UD15-U3-16G (UD15 - Grace -  16GB  USB 3.0 Drive),250.0,1085.0,0.0%,4.34
UD15-U3-8G (UD15 - Grace -  8GB  USB 3.0 Drive),150.0,623.7,0.0%,4.16
UD18-U2-4G (UD18 - Opal -  4GB  USB 2.0 Drive),150.0,316.5,0.0%,2.11
UD18-U2-8G (UD18 - Opal -  8GB  USB 2.0 Drive),300.0,1005.2,0.0%,3.35
UD20-U2-128M (UD20 - Twist -  128MB  USB 2.0 Drive),17402.0,23015.0,0.1%,1.32
UD20-U2-16G (UD20 - Twist -  16G  USB 2.0 Drive),13318.0,30272.93,0.1%,2.27
UD20-U2-1G (UD20 - Twist -  1G  USB 2.0 Drive),5500.0,9006.9,0.0%,1.64
UD20-U2-256M (UD20 - Twist -  256MB  USB 2.0 Drive),380.0,775.4,0.0%,2.04
UD20-U2-2G (UD20 - Twist -  2G  USB 2.0 Drive),11126.0,19548.75,0.1%,1.76
UD20-U2-32G (UD20 - Twist -  32G  USB 2.0 Drive),1400.0,5193.8,0.0%,3.71
UD20-U2-4G (UD20 - Twist -  4G  USB 2.0 Drive),35144.0,61657.2,0.3%,1.75
UD20-U2-512M (UD20 - Twist -  512MB  USB 2.0 Drive),4600.0,7288.0,0.0%,1.58
UD20-U2-8G (UD20 - Twist -  8G  USB 2.0 Drive),17701.0,45161.4,0.2%,2.55
UD20-U3-16G (UD20 - Twist -  16G  USB 3.0 Drive),1210.0,5116.18,0.0%,4.23
UD20-U3-32G (UD20 - Twist -  32G  USB 3.0 Drive),2000.0,8547.4,0.0%,4.27
UD20-U3-64G (UD20 - Twist -  64G  USB 3.0 Drive),300.0,1698.0,0.0%,5.66
UD20-U3-8G (UD20 - Twist -  8G  USB 3.0 Drive),1400.0,5303.0,0.0%,3.79
UD201-U2-4G (UD201 - Discus -  4GB  USB 2.0 Drive),100.0,331.0,0.0%,3.31
UD306-U2-128MB (UD306 - KeyNote- 128MBUSB 2.0 Drive),1000.0,2630.0,0.0%,2.63
UD310-U2-16G (UD310 - Millenium - 16GB  USB 2.0 Drive),500.0,2160.0,0.0%,4.32
UD310-U2-32G (UD310 - Millenium - 32GB  USB 2.0 Drive),300.0,1555.0,0.0%,5.18
UD310-U2-8G (UD310 - Millenium - 8GB  USB 2.0 Drive),100.0,368.0,0.0%,3.68
UD43-U2-4G (UD43 - Blade - 4GB  USB 2.0 Drive),200.0,422.0,0.0%,2.11
UD43-U2-8G (UD43 - Blade - 8GB  USB 2.0 Drive),200.0,458.0,0.0%,2.29
UD46-U2-16G (UD46 - Atomic - 16GB  USB 2.0 Drive),86.0,316.48,0.0%,3.68
UD46-U2-4G (UD46 - Atomic - 4GB  USB 2.0 Drive),100.0,195.0,0.0%,1.95
UD52-U2-8G (UD52 - Forrester - 8GB  USB 2.0 Drive),100.0,404.0,0.0%,4.04
UD53-U2-4G (UD53 - Forrester - 4GB  USB 2.0 Drive),100.0,333.0,0.0%,3.33
UD53-U2-8G (UD53 - Forrester - 8GB  USB 2.0 Drive),1550.0,6461.5,0.0%,4.17
UD62-U2-4G (UD62 - Buckle - 4GB  USB 2.0 Drive),250.0,820.0,0.0%,3.28
UD85-U2-1G (UD85 - Key - 1GB  USB 2.0 Drive),250.0,752.5,0.0%,3.01
UD85-U2-4G (UD85 - Key - 4GB  USB 2.0 Drive),1810.0,5488.0,0.0%,3.03
UD95-U2-16G (UD95 - Slim -  16GB  USB 2.0 Drive),100.0,386.0,0.0%,3.86
UD95-U2-32G (UD95 - Slim -  32GB  USB 2.0 Drive),125.0,548.75,0.0%,4.39
UD95-U2-4G (UD95 - Slim -  4GB  USB 2.0 Drive),1370.0,3840.8,0.0%,2.8
UD95-U2-8G (UD95 - Slim -  8GB  USB 2.0 Drive),100.0,417.0,0.0%,4.17
UD98-U2-16G (UD94 - Twist Deluxe- 16GB  USB 2.0 Drive),2000.0,8243.0,0.0%,4.12
UD98-U2-32G (UD94 - Twist Deluxe- 32GB  USB 2.0 Drive),100.0,574.8,0.0%,5.75
UD98-U2-8G (UD94 - Twist Deluxe- 8GB  USB 2.0 Drive),100.0,325.0,0.0%,3.25
UD98-U3-16G (UD94 - Twist Deluxe- 16GB  USB 3.0 Drive),700.0,3672.0,0.0%,5.25
UD98-U3-32G (UD94 - Twist Deluxe- 32GB  USB 3.0 Drive),100.0,593.0,0.0%,5.93
UD98-U3-64G (UD94 - Twist Deluxe- 64GB  USB 3.0 Drive),100.0,750.0,0.0%,7.5
UD98-U3-8G (UD94 - Twist Deluxe- 8GB  USB 3.0 Drive),1050.0,4862.5,0.0%,4.63
UDPVC-U2-16G (UDPVC - Custom PVC Drive - 16GB  USB 2.0 Drive),466.0,2569.1,0.0%,5.51
UDPVC-U2-32G (UDPVC - Custom PVC Drive - 32GB  USB 2.0 Drive),116.0,798.08,0.0%,6.88
UDPVC-U2-4G (UDPVC - Custom PVC Drive - 4GB  USB 2.0 Drive),600.0,2869.0,0.0%,4.78
UDPVC-U2-8G (UDPVC - Custom PVC Drive - 8GB  USB 2.0 Drive),4996.0,25601.52,0.1%,5.12
UDSPECIAL-U2-2G (Special Order USB Drive - 2GB),250.0,1050.0,0.0%,4.2
UDSPECIAL-U2-4G (Special Order USB Drive - 4GB),600.0,2006.0,0.0%,3.34
UH17-WHITE (UH17 - Hubinator - White - 4 port USB Hub.),100.0,352.2,0.0%,3.52
UH18-WHITE (UH18 -  White- 3 port USB Hub with integrated SD and Micro SD card re...,352.0,733.86,0.0%,2.08
UH25 (UH25 - Silver 7 in 1 USB C Hub.1- USB C to 87W PD\, 3 USB\, 1 HDMI\, 1-SD\, 1-T...,260.0,4958.28,0.0%,19.07
UH26 (UH26 - Space Grey\, Type C 3 Port USB 3.0 Hub.),550.0,1732.5,0.0%,3.15
UH27 (UH27 - Space Grey\, Type A  / Type C 3 Port USB 3.0 Hub.),1400.0,9070.0,0.0%,6.48
UH28 (UH28 - Space Grey\, Type A  / Type C  5 in 1 USB Hub.  3 x USB 3.0 Ports\, 1-...,50.0,353.4,0.0%,7.07
UH29 (UH29 - Space Grey\,  Type C  5 in 1 USB Hub.  2 x USB 3.0 Ports\, 1 x HDMI\, 1...,150.0,1197.0,0.0%,7.98
UH31 (UH31 - Space Grey\,  Type C  6 in 1 USB Hub.  3 x USB 3.0 Ports\, 1 x Gigabit...,200.0,4466.0,0.0%,22.33
UH38B (UH38B - Bamboo Type A/C  4 port USB Hub.  integrated USB A/C input cable\,....,500.0,2750.0,0.0%,5.5
VC01 (VC01 -   Black - USB Powered Webcam.),100.0,1195.0,0.0%,11.95
WB07 (WB07 - 2L PVC Dry Bag with Window.   Approximately 11 x 7 x 4.5 PVC bag ...,1004.0,3882.0,0.0%,3.87
WB08 (WB08 - 5L PVC Dry Bag.   Approximately 13.5 x 11 x 7 PVC bag for keeping...,500.0,2541.0,0.0%,5.08
WC-CUSTOMPVC (WC-Custom PVC- Custom PVC molded Wireless Charger.  5V 1A),4334.0,41935.98,0.2%,9.68
WC03-BLACK (WC03 - Black Vent Mount Phone Holder / Wireless Charger.),100.0,1284.0,0.0%,12.84
WC03B-BLACK (WC03B - Black Vent Mount Phone Holder / Wireless Charger.),15.0,0.0,0.0%,0.0
WC10B-WHITE/WHITE (WC10B -Wireless Charger -  White with White trim.  Compatible ...,23820.0,74145.05,0.4%,3.11
WC16B-WHITE (WC16 -  - Clear White with black trim\,  Wireless Qi Charger.  Uses...,1202.0,4357.71,0.0%,3.63
WC21B (WC21B - Black Quick Charge 10W Phone Stand Wireless Charger.  Output : 15W...,825.0,7736.45,0.0%,9.38
WC35-BLACK (WC35 - Black 15 Watt\, 4 in 1 wireless charger.  Charges phone\, airpod...,857.0,17274.75,0.1%,20.16
WC36-BLACK (WC36 - Black 15 Watt\, 3 in 1 wireless charger.  Charges phone\, airpod...,978.0,24349.67,0.1%,24.9
WC38B-WHITE (WC38B - White 15 Watt\, 3 in 1 folding wireless charger with Plastic ...,3452.0,49246.4,0.2%,14.27
WC41 (WC41 - 15Watt White  Wireless Charger\, Type C input :5V/3A?9V/2A \, Wireless...,5667.0,32757.72,0.2%,5.78
WC42 (WC42 - 15Watt Black Vent Mount Wireless Charger\, Type C input :5V/3A?9V/2A ...,100.0,1727.0,0.0%,17.27
WC43-BLACK (WC43 - Black 15 Watt\, 3 in 1 wireless charger.  Charges phone\, airpod...,100.0,3246.5,0.0%,32.47
WC45-BLACK (WC45- Black Magnetic Max 15Watt 3 in 1 Wireless charger with built in...,303.0,2187.5,0.0%,7.22
WC47 (WC47-Space Grey Rotating 3 in 1 Wireless Charging Desktop Phone Stand. 15W ...,77.0,2503.08,0.0%,32.51
WC48 (WC48 White Qi2.0  Magnetic  Wireless Charger. Wireless charger output:15W/1...,75.0,991.35,0.0%,13.22
WC50 (WC50 - Black / Transparent 15Watt   Wireless Charger\, Type C input :5V/3A 9...,920.0,6877.8,0.0%,7.48
WC51 (WC51 - Black / Transparent Dual -  15Watt   Wireless Charger\, Type C input ...,652.0,7374.31,0.0%,11.31
WC52 (WC52 - Bamboo Wireless Charging Phone Stand with LIght up logo-  15Watt   W...,125.0,1633.45,0.0%,13.07
WC53 (WC53 - Bamboo Round   Wireless Charger  with LIght up logo-  15Watt   Wirel...,51.0,504.75,0.0%,9.9
WC54 (WC54 - Bamboo Square Wireless Charger  with LIght up logo-  15Watt   Wirele...,1.0,0.0,0.0%,0.0
