,"Jan 1, '24 - Feb 18, 25"
,"Qty","Amount","% of Sales","Avg Price"
"Uncategorized","","",,""
"Inventory","","",,""
"14-2222-0001 (LED MODULE BAR W/ CONNECTORS  )",13000,38160.00,0.2%,2.94
"14-2222-0002 (CONNECTOR, GD 12"" LED STRIP  )",4000,12100.00,0.1%,3.03
"16-0306-0004 (PCB, RELAY, MOSFET & AROMAT CONFIG, ROHS.  )",46,2194.20,0.0%,47.70
"20-0129-0336 (LCD panel, 55"", 3840x2160)",70,27580.00,0.1%,394.00
"20-0130-1267 (610mm 2pin m/f speaker extender wires)",351,526.50,0.0%,1.50
"20-0130-1354 (Cable Mountable USB-A (M<>F) extension cable, 1.5m/4.9 feet USB 2.0)",1517,9065.00,0.0%,5.98
"20-0130-1376 (Molex power cord extender - large connector)",14,15.00,0.0%,1.07
"20-0130-1430 (20"" Molex Extender)",40,30.00,0.0%,0.75
"20-0130-1459 (Molex power cord extender - micro connector Male x Female, 1.6m)",346,1351.00,0.0%,3.90
"20-0130-1483 (Cable 3.5mm Audio Cable, Male/Male, 24"" Wire)",120,0.00,0.0%,0.00
"20-0130-1498 (Cable 5 meter extension cable for micro Molex power adapter, female...",337,1366.00,0.0%,4.05
"20-0130-1509 (micro (BrightSign Built-In) Molex Y splitter into micro molex and b...",481,1494.00,0.0%,3.11
"20-0130-1554 (Molex power cord extender -i connector, Male(4.2mm) x Female(3.0mm)...",308,924.00,0.0%,3.00
"20-0130-1593 (Molex power cord extender - micro connector Male x Female, 99 inches)",142,426.00,0.0%,3.00
"20-0130-1603 (Cable - Power Cable Splitter, Micro molex female to splitter, micro...",250,800.00,0.0%,3.20
"20-0130-1639 (Cable 5.5x2.1 barrel jack extension cable, 72in    )",10,0.00,0.0%,0.00
"20-0130-1719 (Update Cable for LCD firmware)",141,42.50,0.0%,0.30
"20-0130-1920 (Micro Molex Male to DC5525 Male Power Cable, 1.2M Cord)",995,1055.00,0.0%,1.06
"20-0130-1928 (Molex Power Cord 1.5M Extender, Male to Female)",735,2205.00,0.0%,3.00
"20-0130-1936 (Cable USB cable,  Male to 5pin 2.0, 1.2 meter)",52,0.00,0.0%,0.00
"20-0130-1939 (Cable 1M 3.5mm to 3.5mm cables)",250,250.00,0.0%,1.00
"20-0130-1960 (Cable 1M USB C to MicroUSB cables)",550,1650.00,0.0%,3.00
"20-0130-1989 (Cable USB A to Mini USB cable for 20-3002-2249)",150,750.00,0.0%,5.00
"20-0130-1992 (3 Way Splitter Molex in w/ two barrel and one female molex)",100,500.00,0.0%,5.00
"20-0130-2083 (Cable USB A to Mini USB 1.5m cable)",1,0.00,0.0%,0.00
"20-0150-0201 (Speaker 4ohm 3w on 350mm lead. 2 mounting holes)",470,1054.50,0.0%,2.24
"20-0150-0249 (Power Adapter Type A, 12V/3A, Mini Molex 4pin, Wallwart, 1.2m cord  )",7,140.00,0.0%,20.00
"20-0150-0338 (2.5"" speaker with mounting holes on 20"" lead 8ohm 2w for C300)",25,0.00,0.0%,0.00
"20-0150-0378 (2.5"" speaker 4ohm 3w on 350mm lead)",849,1230.00,0.0%,1.45
"20-0150-0466 (Power Adapter Type A, 24V/4A, Mini Molex 4pin, Brick, 3m cord, UL L...",647,18304.45,0.1%,28.29
"20-0150-0487 (Power Adapter Type A, 12V/4A, Mini Molex 4pin, Brick, 3m cord  )",505,10000.00,0.0%,19.80
"20-0150-0497 (Power Adapter Type A, 12V/2A, Mini Molex 4pin, Wallwart, 1.5m cord,...",151,2100.00,0.0%,13.91
"20-0150-0577 (Power Adapter,Type I,  1.5M, 2 plug)",155,0.00,0.0%,0.00
"20-0150-0578 (Power Adapter,Type F, 1.5M, 2 plug)",195,46.00,0.0%,0.24
"20-0150-0579 (Power Adapter,Type G, 1.5M, 2 plug)",157,0.00,0.0%,0.00
"20-0150-0581 (Power Adapter,Type F, 1.5M, 3 plug)",29,0.00,0.0%,0.00
"20-0150-0582 (Power Adapter,Type G, 1.5M, 3 plug)",6,0.00,0.0%,0.00
"20-0150-0603 (Power Adapter Type A, 12V/2A, Micro Molex 4pin, Wallwart, 1.5m cord...",1709,23965.00,0.1%,14.02
"20-0150-0641 (Power Adapter Type A, 12V/3A, Micro Molex 4pin, Wallwart, 1.8m cord...",78,860.00,0.0%,11.03
"20-0150-0642 (Power Adapter Type A, 12V/4A, Micro Molex 4pin, Brick, 3m cord, UL ...",208,1466.00,0.0%,7.05
"20-0150-0653 (Power Adapter Type A/F/C/I/G, 12V/3A, Micro Molex 4pin, Wallwart, 1...",279,2749.00,0.0%,9.85
"20-0150-0656 (Cable Mini HDMI to HDMI cable, 3m length)",153,825.00,0.0%,5.39
"20-0150-0657 (Cable Mini HDMI to Mini HDMI 10’ length (3M)    )",100,550.00,0.0%,5.50
"20-0150-0663 (mini-HDMI cable, 59 inches)",3,0.00,0.0%,0.00
"20-0150-0711 (Power Adapter 12V/2A DC5.5x2.1 4pin Wall wart 1.5m cord International)",1,0.00,0.0%,0.00
"20-0150-0742 (Power Adapter 12V/5A Type A to micro Molex brick power adapter, 3m ...",25,0.00,0.0%,0.00
"20-0150-0750 (Power Adapter Type A, 24V/6A, Mini Molex 4pin, Brick, 3m cord, UL L...",1,0.00,0.0%,0.00
"20-0150-0802 (Cable HDMI to mini HDMI Cable Length 1.5 m)",10,100.00,0.0%,10.00
"20-0150-0803 (Cable Mini HDMI Cable Length 1.5 m)",10,60.00,0.0%,6.00
"20-0150-0826 (Power Adapter Type A,  24V/12.5A Power Adapter for 20-3012-1026    )",5,425.00,0.0%,85.00
"20-0150-0858 (Cable 6' HDMI Cable for Bose 20-3002-2249)",287,861.00,0.0%,3.00
"20-0150-0866 (10W 4ohm Box Speaker, 2pin 2.0mm Connector, 350mm Cable)",6852,40632.00,0.2%,5.93
"20-0150-0875 (Power Adapter Type A, 12V/3A, Barrel ID 2.1mm OD 5.5mm, 1.5M Cord  )",15,210.00,0.0%,14.00
"20-0150-0880 (Power Adapter Type A, 24V/4A, Mini Molex 4pin, Brick, 0.5M AC/1.5M ...",738,13284.00,0.1%,18.00
"20-0150-0888 (Cable Mini HDMI to Mini HDMI 6’ length (1.83M)    )",50,275.00,0.0%,5.50
"20-0150-0912 (Cable DisplayPort to HDMI cable, 4K 60Hz, 1m)",100,1500.00,0.0%,15.00
"20-0160-0792 (Micro SD Card cover)",93,230.00,0.0%,2.47
"20-0160-1496 (Black 39.4"" LiveTry Bracket - Center Notch for , Direct/Corp stores)",648,1975.00,0.0%,3.05
"20-0160-2035 (Screw KM3*5mm Iron Black)",53,75.00,0.0%,1.42
"20-0160-2868 (Custom metal bracket for HP Mini G9R)",100,4500.00,0.0%,45.00
"20-0160-4801 (OVATION Sticker)",14,0.02,0.0%,0.00
"20-0160-5194 (Packaging for 32"" for 20-3008-1172)",36,0.00,0.0%,0.00
"20-0160-5195 (Packaging for 32"" for 20-3008-1172 - Partition 1)",36,0.00,0.0%,0.00
"20-0160-5196 (Packaging for 32"" for 20-3008-1172 - Partition 2)",18,0.00,0.0%,0.00
"20-0160-5197 (Packaging for 32"" for 20-3008-1172 - Box)",18,0.00,0.0%,0.00
"20-0160-7474 (White 39.4"" LiveTry Bracket - Center Notch for , Direct/Corp stores)",24,0.00,0.0%,0.00
"20-3000-0430 (R Series Core Board 2GB DDR 16GB eMMC)",2357,1070.80,0.0%,0.45
"20-3000-0431 (R Series Core Board 2GB DDR 32GB eMMC)",5,200.00,0.0%,40.00
"20-3000-0432 (R Series Core Board 4GB DDR 16GB eMMC)",21,90.00,0.0%,4.29
"20-3000-0433 (R Series Core Board 4GB DDR 32GB eMMC)",388,0.00,0.0%,0.00
"20-3000-0436 (R Series Core Board 4GB DDR 64GB eMMC)",1,0.00,0.0%,0.00
"20-3000-0458 (USB Camera Module, 5M Pixel Color CMOS Sensor)",6,120.00,0.0%,20.00
"20-3000-0499 (Wifi Module, Intel, Wi-Fi5, 3165)",2,0.00,0.0%,0.00
"20-3000-0519 (G1 Intel Celeron 4GB/64GB, no fan, audio out, MIC in, 2xUSB, Serial...",15,0.00,0.0%,0.00
"20-3000-0535 (Quectel 4G module EC25-AFXD mini PCIe (South Africa))",107,0.00,0.0%,0.00
"20-3000-0543 (G2 Galaxy Link Main AMP, PCB-012-G2)",70,22939.00,0.1%,327.70
"20-3000-0544 (G2 Galaxy Link Daughter Card, PCB-015-G)",70,2608.90,0.0%,37.27
"20-3000-0559 (Intel N97 board 16GB/128GB)",54,0.00,0.0%,0.00
"20-3000-0568 (Intel N97 board 8GB/128GB)",885,920.00,0.0%,1.04
"20-3000-0569 (Intel N97 board 4GB/128GB)",1,0.00,0.0%,0.00
"20-3000-0572 (Intel N97 board 8GB/64GB)",8,0.00,0.0%,0.00
"20-3000-0578 (Intel wifi5 9560 w/ 2x ANT)",558,13774.00,0.1%,24.68
"20-3000-0589 (Darko/Ecobee Board)",333,12987.00,0.1%,39.00
"20-3000-1060 (Motion sensor 610mm wire length)",11,19.00,0.0%,1.73
"20-3000-1158 (BUTTON White Metal LED Button Installation Size 16mm 610mm wire 3pi...",40,0.00,0.0%,0.00
"20-3000-1289 (BUTTON Metal Button with White LED Installation Size 16mm 610mm wir...",40,200.00,0.0%,5.00
"20-3000-1362 (LED Terminal box 12 connections)",3,507.00,0.0%,169.00
"20-3000-1363 (BUTTON Two 19mm metal buttons white LED ring GPIO assembly 36"" lead...",8,96.00,0.0%,12.00
"20-3000-1364 (BUTTON One 19mm metal button, white LED ring GPIO assembly 36' lead...",7,53.50,0.0%,7.64
"20-3000-1370 (BUTTON 19mm metal button White LED 3-pin for V, 36"" with in line co...",16,78.00,0.0%,4.88
"20-3000-1374 (BUTTON 19mm metal button White LED 3-pin for V 54""  in line connect...",90,605.00,0.0%,6.72
"20-3000-1378 (BUTTON 19mm metal button White LED 3-pin for V 54""  in line connect...",200,1300.00,0.0%,6.50
"20-3000-1382 (USB button box with 1.5m USB2.0 cable supports 10x4 pin push button...",11,217.00,0.0%,19.73
"20-3000-1393 (BUTTON 19mm one metal button, white LED ring, GPIO assembly, 244"" l...",156,2325.00,0.0%,14.90
"20-3000-1419 (BUTTON 19mm Metal Button White LED Ring 4 Pin 24"" Wire)",3217,17016.00,0.1%,5.29
"20-3000-1419C (BUTTON 19mm Metal Button White LED Ring 4 Pin with custom cable 64...",766,4787.50,0.0%,6.25
"20-3000-1442 (BUTTON 19mm Touchless Button 1 Button with GPIO Terminal 610mm Wire...",2,20.00,0.0%,10.00
"20-3000-1456 (BUTTON 19mm Touchless Button 3 Buttons with GPIO Terminal 610mm Wir...",3,93.00,0.0%,31.00
"20-3000-1462 (Audio board 3 outpu, standard push button compatible)",40,3360.00,0.0%,84.00
"20-3000-1486 (WiFi and Antenna for R Series)",2575,44100.00,0.2%,17.13
"20-3000-1488 (R Series 4K Media Player Box, 12V/2A, w/o Core Board)",2,0.00,0.0%,0.00
"20-3000-1501 (19mm (three pcs) Button with Full size 12-pin GPIO for BrightSign P...",3,0.00,0.0%,0.00
"20-3000-1503 (BUTTON 19mm Button with Full size 12-pin GPIO for BrightSign Purple...",615,5535.00,0.0%,9.00
"20-3000-1504 (BUTTON 19mm Contactless Button, 36” (915mm) Lead for V-Series)",1570,18840.00,0.1%,12.00
"20-3000-1506 (Button and LED control board with 12V/2A power supply and serial ca...",358,8269.00,0.0%,23.10
"20-3000-1507 (Power distribution Assembly, 12V 10A IN, w/ power supply)",10,680.00,0.0%,68.00
"20-3000-1510 (Quectel 4G module EC25-AFXD mini PCIe)",36,1357.00,0.0%,37.69
"20-3000-1520 (Installation kit for HP Mini G9R)",2300,54780.00,0.2%,23.82
"20-3000-1521 (Update Cable for Daisy Chain)",20,15.00,0.0%,0.75
"20-3000-1523 (Installation kit for HP, ziplock bag, 2x3M tape, 2xzip ties, 2xcabl...",1967,9520.55,0.0%,4.84
"20-3000-1524 (Enclosure for Intel Board)",16,3578.00,0.0%,223.63
"20-3000-1525 (Bluefin Proximity Sensor)",120,2560.50,0.0%,21.34
"20-3000-1526 (Bright Sign Built-In XT1144 Mounting Bracket)",10,0.00,0.0%,0.00
"20-3000-1527 (Ceiling Mount Kit for Dual FlexOS 46"" and Dual FlexOS 55"")",3,0.00,0.0%,0.00
"20-3000-1529 (Button and LED Control Box with Serial and USB C, 12V/3A 1.5M, 3.5m...",3767,128078.00,0.6%,34.00
"20-3000-1532 (Darko Sensor Control Box, MicroUSB/USB Type-C Cable 0.5M)",3922,117660.00,0.5%,30.00
"20-3000-1533 (Proximity Sensor, 5pin 1.5M, 2.0M Detection Range)",11766,151781.40,0.7%,12.90
"20-3000-1536 (Cable Cover for glass mount scheduling panel)",100,3500.00,0.0%,35.00
"20-3000-1539 (Packaging 39.4"" Wall Unit Packing Materials)",25,375.00,0.0%,15.00
"20-3000-1540 (Packaging 39.4"" Countertop Packing Materials)",25,500.00,0.0%,20.00
"20-3000-1541 (Intel Wifi Module, WIFI5, 6560)",6,0.00,0.0%,0.00
"20-3000-1542 (Power Adapter, Type-G power cord with waterproof connector for 55in...",1,0.00,0.0%,0.00
"20-3000-1547 (BUTTON Capacitive Touch Button, 36” lead w/ break in center)",8,24.00,0.0%,3.00
"20-3000-1548 (Power Adapter 480W power supply for 20-3018-0027)",1,0.00,0.0%,0.00
"20-3000-1549 (Power Adapter 185W power supply for 20-3018-0027)",1,0.00,0.0%,0.00
"20-3001-0222 (Semi-finished product, BF-HS144-UHDLH-1.2 post-welding, V Bye One, ...",1,0.00,0.0%,0.00
"20-3002-1005 (13.3"" Frameless V-Series 1920x1080)",2,406.00,0.0%,203.00
"20-3002-1008 (15.6"" Frameless V-Series Touch 1920x1080)",4,1088.00,0.0%,272.00
"20-3002-1034 (19.5"" Frameless V-Series 1920x1080)",1,246.00,0.0%,246.00
"20-3002-1036 (21.5"" Frameless V-Series 300nits CR3000:1 1920x1080)",2,640.00,0.0%,320.00
"20-3002-1104 (21"" UW Finished No Glass Daisy Chain 1920x132)",3,0.00,0.0%,0.00
"20-3002-1118 (22.9"" UW Finished Slim Gen 2 No Glass Daisy Chain 1920x165)",1,0.00,0.0%,0.00
"20-3002-1122 (29"" UW Finished V-Series Slim Gen2 No Glass Daisy chain 1920x540)",22,13188.00,0.1%,599.45
"20-3002-1126 (28"" UW Finished V-Series Slim Gen2 No Glass Daisy Chain 1920x360)",6,3850.00,0.0%,641.67
"20-3002-2008 (15.6"" Frameless V-Series Touch 1920x1080)",84,16213.00,0.1%,193.01
"20-3002-2033 (32"" Frameless V-Series V2.0 1920x1080)",108,24755.00,0.1%,229.21
"20-3002-2034 (19.5"" Frameless V-Series 1920x1080)",3,777.00,0.0%,259.00
"20-3002-2035 (19.5"" Frameless V-Series Touch 1920x1080)",67,15388.00,0.1%,229.67
"20-3002-2037 (21.5” Frameless V-Series Touch 1920x1080)",15,5327.00,0.0%,355.13
"20-3002-2042 (32"" FramelessV-Series Touch 1920x1080)",17,10191.00,0.0%,599.47
"20-3002-2044 (27"" Frameless V-Series Touch 1920x1080)",10,5860.00,0.0%,586.00
"20-3002-2052 (15.6"" Finished V-Series Touch 1920x1080)",10,3270.00,0.0%,327.00
"20-3002-2054 (21.5” Finished V-Series Touch 1920x1080)",1,389.00,0.0%,389.00
"20-3002-2057 (11.6"" Finished V-Series 1920x1080)",3,633.00,0.0%,211.00
"20-3002-2058 (13.3"" Finished V-Series Touch 1920x1080)",0,0.00,0.0%,0.00
"20-3002-2059 (13.3"" Finished V-Series 1920x1080)",109,19544.00,0.1%,179.30
"20-3002-2065 (23.8"" Finished V-Series 1920x1080)",12,5310.00,0.0%,442.50
"20-3002-2067 (27"" Finished V-Series 1920x1080)",1117,449590.00,2.0%,402.50
"20-3002-2071 (32"" Finished V-Series 1920x1080)",46,17034.00,0.1%,370.30
"20-3002-2080 (15.6"" Frameless V-Series Touch Symmetric Design 1920x1080)",50,20800.00,0.1%,416.00
"20-3002-2091 (10.1” Frameless V-Series Duco replacement  BBY Mount 245x106mm 1280...",168,21242.00,0.1%,126.44
"20-3002-2142 (18.5"" Frameless V-Series 500nits 1920x1080)",25,13209.00,0.1%,528.36
"20-3002-2202 (7” Frameless V-Series-Lite1024x600)",8,792.00,0.0%,99.00
"20-3002-2205 (21.9"" Finished V-Series Slim Gen2 No Glass DaisyChain Downlighting ...",1,0.00,0.0%,0.00
"20-3002-2213 (10.1"" Frameless C Series, no HDMI, 5V/2A power supply 1280x800)",5,540.00,0.0%,108.00
"20-3002-2232 (43"" Custom Frameless V-Series, Capacitive Touch, 1920 x 1080)",0,0.00,0.0%,0.00
"20-3002-2233 (43"" Custom Frameless V-Series 1920 x 1080)",100,30300.00,0.1%,303.00
"20-3002-2238 (21.5"" Frameless V-Series 500nits 1920x1080)",249,81921.00,0.4%,329.00
"20-3002-2239 (21.5"" Custom Frameless V-Series dual sided dual function 500nits - ...",59,38822.00,0.2%,658.00
"20-3002-2249 (6"" Frameless V-Series Touch, 720x1440)",203,20806.00,0.1%,102.49
"20-3002-2251 (11.9"" Custom Frameless V-Series Touch 1920 x 528)",125,30875.00,0.1%,247.00
"20-3002-2254 (10.1"" Finished V-Series Touch, White Housing 1280x800)",51,10404.00,0.0%,204.00
"20-3002-2257 (43"" Custom Frameless V-Series, Low Power, Harbor Unit, 1920x1080)",20,20317.00,0.1%,1015.85
"20-3002-2258 (43"" Finished V-Series 1920 x 1080)",120,47760.00,0.2%,398.00
"20-3002-2259 (19.1"" UW Finished V-Series Touch 1920x408)",2,0.00,0.0%,0.00
"20-3002-2264 (10.1"" Frameless V-Series, Thin Form Factor, MicroSD Input, 1280x800)",2,252.00,0.0%,126.00
"20-3003-0015 (8GB Sandisk Ultra Class10 MicroSD Card Gen 3)",5179,33493.00,0.1%,6.47
"20-3003-0016 (16GB Sandisk Ultra Class10 MicroSD Card, Gen 3)",8646,85712.50,0.4%,9.91
"20-3003-0017 (32GB Sandisk Ultra Class10 MicroSD Card, Gen 3)",40,176.00,0.0%,4.40
"20-3003-0018 (64GB Sandisk Ultra Class10 MicroSD Card, Gen 3)",91,447.00,0.0%,4.91
"20-3003-0019 (8GB Kingston Class 4 MicroSD Card)",40,0.00,0.0%,0.00
"20-3004-1031 (21.5"" Finished BrightSign Built-In XT-1144-PP Touch 1920x1080)",0,0.00,0.0%,0.00
"20-3004-1177 (32""  Finished BrightSign Built-In XT1144-PP Touch 1920x1080)",556,362294.00,1.6%,651.61
"20-3006-1002 (10.1"" Frameless R-series Touch 1280x800)",2,712.00,0.0%,356.00
"20-3006-1010 (13.3"" Finished R Series Touch Countertop Portrait 1920x1080)",3,934.00,0.0%,311.33
"20-3006-1013 (21.5"" Finished R Series Touch 1920x1080)",1,0.00,0.0%,0.00
"20-3006-1016 (13.3"" Frameless R Series Touch 1920x1080)",2,200.00,0.0%,100.00
"20-3006-1032 (21.5"" Finished R Series, Touch, PoE, 1920x1080)",0,0.00,0.0%,0.00
"20-3006-1040 (21.5"" Finished R Series POE+ 1920x1080)",795,275070.00,1.2%,346.00
"20-3006-1045 (10.1"" Frameless R Series PoE+ 1280 x 800)",29,7743.00,0.0%,267.00
"20-3006-1050 (13.3"" Frameless R Series1920x1080)",1,0.00,0.0%,0.00
"20-3006-1053 (15.6"" Frameless R-Series, PoE1920x1080)",31,9672.00,0.0%,312.00
"20-3006-1054 (15.6"" Frameless R series Touch POE+ 1920x1080)",8,3456.00,0.0%,432.00
"20-3006-1083 (10.1"" Finished R-Series 1280 x 800)",30,10900.00,0.0%,363.33
"20-3006-1084 (10.1"" Finished  R series POE+ 1280x800)",272,78336.00,0.3%,288.00
"20-3006-1085 (10.1"" Finished R Series Touch POE+ 1280x800)",13,4050.00,0.0%,311.54
"20-3006-1089 (11.6"" Finished R-Series Capacitive Touch PoE 1920x1080)",271,75600.00,0.3%,278.97
"20-3006-1094 (15.6"" Finished R Series POE 1920x1080)",837,286254.00,1.3%,342.00
"20-3006-1095 (15.6"" Finished R Series Touch POE+ 1920x1080)",98,47277.00,0.2%,482.42
"20-3006-1106 (27"" Finished R Series, 1920x1080)",2,972.00,0.0%,486.00
"20-3006-1108 (27"" Finished R Series PoE 1920x1080)",12,7424.00,0.0%,618.67
"20-3006-1150 (10.1"" Finished LED R-Series Capacitive Touch PoE 1280x800)",1,422.00,0.0%,422.00
"20-3006-1223 (35.9"" Finished R Series, 1920x552, no glass)",3,1680.00,0.0%,560.00
"20-3006-1232 (15.6” Countertop R-Series, Touch, Landscape, 1920x1080)",1,526.00,0.0%,526.00
"20-3006-1245 (13.3"" Finished R-Series, Touch POE, Outdoor, 1920 x 1080)",1,916.00,0.0%,916.00
"20-3006-1246 (21.5"" Finished R-Series,Touch POE, Outdoor 1920 x 1080)",1,1095.00,0.0%,1095.00
"20-3006-1247 (23.8"" Finished, Custom for G2, w/ Glass, USB Mic, LED Strips, 2x Me...",100,43800.00,0.2%,438.00
"20-3006-1248 (8"" Finished R Series, 800x1280, Touch, POE, 5MP Camera, Countertop,...",2,339.00,0.0%,169.50
"20-3006-1249 (13.3"" Finished R-Series Touch, POE, Outdoor, Anti Glare, 1920 x 1080)",1,50.00,0.0%,50.00
"20-3006-1251 (11.6"" Finished R-Series, PoE,  1920x1080, For Vitec)",5,1090.00,0.0%,218.00
"20-3006-1252 (21.5"" Finished R-Series, PoE,  1920x1080, For Vitec)",3,840.00,0.0%,280.00
"20-3006-1272 (21.5"" Finished R-Series Touch POE, Outdoor 1920 x 1080)",5,5525.00,0.0%,1105.00
"20-3008-1001 (10.1"" Finished BrightSign Built-In  Capacitive Touch 1280x800)",356,161184.00,0.7%,452.76
"20-3008-1002 (10.1"" Custom Frameless BrightSign Built-In Capacitive Touch 1280x80...",2,0.00,0.0%,0.00
"20-3008-1003 (13.3"" Finished BrightSign Built-In Capacitive Touch 1920x1080)",2,0.00,0.0%,0.00
"20-3008-1028 (10.1"" Finished  White BrightSign Built-In Touch POE+ 1280x800)",1,0.00,0.0%,0.00
"20-3008-1030 (10.1"" Custom Frameless BrightSign Built-In Touch Black 1280x800)",3120,1372832.00,6.0%,440.01
"20-3008-1032 (21.5"" Finished BrightSign Built-in, Touch, PoE, 1920x1080)",221,146307.00,0.6%,662.02
"20-3008-1035 (15.6"" Frameless BrightSign Built-In 1920x1080)",2,712.00,0.0%,356.00
"20-3008-1037 (19.5"" Frameless BrightSign Built-In 1920x1080)",4,1544.00,0.0%,386.00
"20-3008-1038 (21.5"" Frameless BrightSign Built-In 1920x1080)",34,12920.00,0.1%,380.00
"20-3008-1040 (21.5"" Finished BrightSign Built-In PoE+ 1920X1080)",315,163142.00,0.7%,517.91
"20-3008-1041 (23.8"" Frameless BrightSign Built-In 1920x1080)",161,62307.00,0.3%,387.00
"20-3008-1042 (23.8"" FramelessBrightSign Built-In  Capacitive Touch 1920x1080)",41,25208.00,0.1%,614.83
"20-3008-1043 (32"" Finished BrightSign Built-In Capacitive Touch PoE++ 1920x1080)",13,12309.00,0.1%,946.85
"20-3008-1044 (10.1"" Frameless BrightSign Built-In 1280x800)",10,3870.00,0.0%,387.00
"20-3008-1045 (10.1"" Frameless BrightSign Built-In  PoE+ 1280x800)",51,21009.00,0.1%,411.94
"20-3008-1048 (11.6"" Frameless BrightSign Built-In PoE 1920x1080)",30,14118.00,0.1%,470.60
"20-3008-1049 (11.6"" Frameless BrightSign Built-In Capacitive Touch PoE 1920x1080)",12,5952.00,0.0%,496.00
"20-3008-1051 (13.3"" Frameless BrightSign Built-In PoE 1920x1080)",25,12016.36,0.1%,480.65
"20-3008-1053 (15.6"" Frameless BrightSign Built-In PoE 1920x1080)",44,20184.00,0.1%,458.73
"20-3008-1054 (15.6"" Frameless BrightSign Built-In Capacitive Touch PoE 1920x1080)",10,4688.00,0.0%,468.80
"20-3008-1057 (21.5"" Frameless BrightSign Built-In PoE+ 1920X1080)",10,5860.00,0.0%,586.00
"20-3008-1058 (21.5"" Frameless BrightSign Built-In  Capacitive Touch PoE+ 1920X1080)",22,13215.00,0.1%,600.68
"20-3008-1064 (27"" Frameless BrightSign Built-In  Capacitive Touch PoE+ 1920x1080)",2,1812.00,0.0%,906.00
"20-3008-1066 (32"" Frameless BrightSign Built-In Capacitive Touch 1920x1080)",21,13423.00,0.1%,639.19
"20-3008-1068 (32"" Frameless BrightSign Built-In Capacitive Touch PoE++ 1920x1080)",10,7922.00,0.0%,792.20
"20-3008-1073 (43"" Frameless BrightSign Built-In Capacitive Touch 1920x1080)",1,0.00,0.0%,0.00
"20-3008-1083 (10.1"" Finished BrightSign Built-In 1280x800)",34,14348.00,0.1%,422.00
"20-3008-1084 (10.1"" Finished BrightSign Built-In PoE 1280x800)",82,34822.00,0.2%,424.66
"20-3008-1088 (11.6"" Finished BrightSign Built-In PoE 1920x1080)",1,415.00,0.0%,415.00
"20-3008-1089 (11.6"" Finished BrightSign Built-In Capacitive Touch PoE 1920x1080)",14,6410.00,0.0%,457.86
"20-3008-1091 (13.3"" Finished BrightSign Built-In PoE 1920x1080)",10,5187.00,0.0%,518.70
"20-3008-1093 (15.6"" Finished BrightSign Built-In Capacitive Touch 1920x1080)",4,0.00,0.0%,0.00
"20-3008-1094 (15.6"" Finished BrightSign Built-In PoE 1920x1080)",51,27618.00,0.1%,541.53
"20-3008-1095 (15.6"" Finished BrightSign Built-in, Touch, PoE, 1920x1080)",201,116898.00,0.5%,581.58
"20-3008-1101 (21.5"" Finished BrightSign Built-In Capacitive Touch 1920X1080)",148,80150.00,0.4%,541.55
"20-3008-1103 (23.8"" Finished BrightSign Built-In  Capacitive Touch 1920x1080)",6,4458.00,0.0%,743.00
"20-3008-1104 (23.8"" Finished BrightSign Built-In PoE+ 1920x1080)",14,9856.00,0.0%,704.00
"20-3008-1106 (27"" Finished  BrightSign Built-In 1920x1080)",16,10430.00,0.0%,651.88
"20-3008-1111 (32"" Finished BrightSign Built-in, Touch, 1920x1080)",28,20965.00,0.1%,748.75
"20-3008-1128 (10.1"" Custom Frameless Duco replacement BrightSign Built-In 245x106...",230,76967.00,0.3%,334.64
"20-3008-1129 (10.1"" Custom Frameless BrightSign Built-In BBY 260.4x140mm mounting...",339,122199.00,0.5%,360.47
"20-3008-1134 (24"" UW Finished BrightSign Built-In Touch POE 1920x360)",-1,-640.00,-0.0%,640.00
"20-3008-1148 (10.1"" Countertop BrightSign Built-In Capacitive Touch Portrait Whit...",4,0.00,0.0%,0.00
"20-3008-1149 (10.1"" Countertop BrightSign Built-In Landscape White Housing)",2,441.00,0.0%,220.50
"20-3008-1150 (10.1"" Finished LED BrightSign Built-In Capacitive Touch PoE 1280x800)",130,62872.00,0.3%,483.63
"20-3008-1158 (22"" Finished BrightSign Built-In Square No Glass 1920x1920)",1,918.00,0.0%,918.00
"20-3008-1160 (10.1"" Custom Frameless BrightSign Built-In BOSE-special use 1280x800)",1,0.00,0.0%,0.00
"20-3008-1171 (32"" Finished BrightSign Built-In no glass cover sandwich board 1920...",1,584.00,0.0%,584.00
"20-3008-1172 (32"" Finished BrightSign Built-in, No Glass, 1920x1080)",248,124023.00,0.5%,500.09
"20-3008-1181 (10.1” Countertop BrightSign Built-In, Touch, Landscape, 1280x800)",8,2516.00,0.0%,314.50
"20-3008-1182 (13.3"" Countertop BrightSign Built-In, Touch, Landscape, 1920x1080)",11,3825.56,0.0%,347.78
"20-3008-1190 (37"" UW Finished BrightSign Built-In No Glass 1920x540)",11,9070.00,0.0%,824.55
"20-3008-1197 (10.1” Countertop BrightSign Built-In, Touch, Portrait, 1280x800)",3,1515.00,0.0%,505.00
"20-3008-1199 (8"" Frameless BrightSign Built-In MIPI 800x1280)",1,398.00,0.0%,398.00
"20-3008-1200 (40"" Finished BrightSign Built-In No Glass 1920x1080)",1,790.00,0.0%,790.00
"20-3008-1205 (10.1"" Finished BrightSign Built-In Touch POE+ 1920x1200)",3,1000.00,0.0%,333.33
"20-3008-1209 (10.1"" Frameless BrightSign Built-In Touch 1920x1200)",1,453.00,0.0%,453.00
"20-3008-1216 (21.9"" Custom UW Finished BrightSign Built-In 1920x720)",3,580.00,0.0%,193.33
"20-3008-1222 (19.5” Countertop BrightSign Built-In, Touch, Landscape, 1920x1080)",7,4780.00,0.0%,682.86
"20-3008-1223 (15.6” Countertop BrightSign Built-In, Touch, Landscape, 1920x1080)",13,7858.00,0.0%,604.46
"20-3008-1228 (18.5"" Frameless BrightSign Built-In  1000nits 1920x1080)",80,48120.00,0.2%,601.50
"20-3008-1229 (21.5"" Frameless BrightSign Built-In  1500nits 1920x1080)",32,21392.00,0.1%,668.50
"20-3008-1230 (55"" Finished BrightSign Built-In Outdoor Display, 1920x1080)",1,0.00,0.0%,0.00
"20-3008-1233 (21.5"" Finished BrightSign Built-In Custom Mounting1920x1080)",200,128200.00,0.6%,641.00
"20-3008-1239 (13.3"" Finished Bright Sign Built-In Touch POE, Outdoor 1920 x 1080)",8,6760.00,0.0%,845.00
"20-3008-1240 (21.5"" Finished BrightSign Built-In Touch, PoE, Outdoor 1920 x 1080)",16,19120.00,0.1%,1195.00
"20-3008-1248 (20.9"" Finished BrightSign Built-in with POE+, 1920x360)",12,6996.00,0.0%,583.00
"20-3008-1258 (21.5"" Custom Frameless BrightSign Built-In (HS145 Only) Capacitive ...",289,168487.00,0.7%,583.00
"20-3008-1259 (10.1"" Custom Frameless BrightSign Built-In Garmin (HS145), 1280 x 800)",252,90720.00,0.4%,360.00
"20-3008-1267 (12.1” Outdoor Finished BSBI, Touch, POE++, IK10, Antiglare, 1280x800)",211,204070.00,0.9%,967.16
"20-3008-1268 (13.3"" Countertop BrightSign Built-In, Portrait, Touch, POE, White, ...",1,0.00,0.0%,0.00
"20-3009-1003 (15.6"" Video Wall BrightSign Built-In 3x1 Black Housing 1920x1080)",1,0.00,0.0%,0.00
"20-3009-1222 (19.5"" Custom Finished BrightSign Built-In Countertop Touch 1920x108...",-1,-700.00,-0.0%,700.00
"20-3009-1225 (15.6"" Custom BrightSign Built-In Countertop Touch 1920x1080 Landsca...",2,0.00,0.0%,0.00
"20-3009-1233 (37"" Custom BrightSign Built-In Countertop Touch 1920x540 Landscape,...",1,1173.00,0.0%,1173.00
"20-3009-1234 (39.4"" Custom UW Finished BrightSign Built-In (HS144) Built-In Capac...",-1,-1000.00,-0.0%,1000.00
"20-3009-1235C (39.4"" Custom Countertop UW Finished BrightSign Built-In (HS145) Bu...",10,13950.00,0.1%,1395.00
"20-3009-1246 (Dual 55"" BSBI, 3840*2160 500nits and 1920*1080 4000nits, Finished, ...",0,0.00,0.0%,0.00
"20-3009-1271 (13.3"" Finished Bright Sign Built-In Touch POE, Outdoor, 1920 x 1080)",2,1000.00,0.0%,500.00
"20-3009-1273 (46.0"" Finished Bright Sign Built-In XT1144 1920x1080)",31,31435.00,0.1%,1014.03
"20-3009-1274 (50.5"" Finished Bright Sign Built-In XT1144 3840 x 1350 18in High)",23,37283.00,0.2%,1621.00
"20-3009-1276 (48.0"" Finished UW Bright Sign Built-In (HS145) Touch 3840 x 690)",1,0.00,0.0%,0.00
"20-3009-1278 (43"" Finished BrightSign Built-In HS145 4K, No HDMI input, No Glass ...",919,573456.00,2.5%,624.00
"20-3009-1279 (49.0"" Custom Finished BrightSign XT1144-PP, flush silver bezel, inc...",1,1300.00,0.0%,1300.00
"20-3009-1280 (43” Finished BrightSign Built-in (XT1144-PP), HDMI input, Touch, 38...",2,2009.00,0.0%,1004.50
"20-3009-1283 (43.3"" UW BrightSign Built-In XT1144-PP, 3840 x 376, (Catwalk 1.2M))",2682,3011769.45,13.2%,1122.96
"20-3009-1284 (34.8"" UW BrightSign Built-In XT1144-PP, 3840 x 456 (Endcap 0.92M))",745,660315.75,2.9%,886.33
"20-3009-1286 (24” UW Finished BrightSign Built-in (HS145) capacitive touch, 1920x...",2,1328.00,0.0%,664.00
"20-3009-1287 (39.4"" Custom UW Finished  Black Capacitive touch, matte glass 3840x...",1100,1119288.00,4.9%,1017.53
"20-3009-1288 (21.5"" Finished Countertop BrightSign Built-In XT1144, Touch, PoE+, ...",15,11700.00,0.1%,780.00
"20-3009-1289 (39.1"" Custom UW Finished  Flex-OS, Touch, Bonded IK10 Glass, Anti-G...",4,6700.00,0.0%,1675.00
"20-3009-1290 (13.3""  Countertop XT BrightSign Built-In, Landscape, Touch, 1920x1080)",80,50000.00,0.2%,625.00
"20-3009-1292 (39.4"" Custom WHITE UW Finished  Capacitive touch, matte glass 3840x...",14,22348.00,0.1%,1596.29
"20-3009-1295 (55"" Custom Finished Flex-OS, 25% Haze, 3840x2160, Walmart)",15,27750.00,0.1%,1850.00
"20-3009-1299 (41.3” Finished HDMI in, Touch, IK10, bonded, 3840x1896)",68,117300.00,0.5%,1725.00
"20-3009-1300 (41.5"" Finished BSBI HS145, HDMI input, POE85W, IK10 Glass, Anti-Gla...",26,29324.00,0.1%,1127.85
"20-3009-1301 (32” Finished Brightsign HS145, PoE85W, IK10 Glass, Anti-Glare, Dark...",18,16056.00,0.1%,892.00
"20-3009-1302 (27” Finished Brightsign HS145, PoE85W, IK10 Glass, Anti-Glare, Dark...",26,21918.00,0.1%,843.00
"20-3011-1003 (13.3"" Finished Seneca HDs Touch POE 1920x1080)",76,46641.00,0.2%,613.70
"20-3011-1006 (32"" Finished Seneca HDs 1920x1080)",10,3100.00,0.0%,310.00
"20-3011-1046 (10.1"" Frameless B1 Intel Capacitive Touch PoE 1280x800)",10,4640.00,0.0%,464.00
"20-3011-1085 (10.1"" Finished B1 Intel, Touch, PoE, 1280x800)",27,11649.00,0.1%,431.44
"20-3011-1224 (34.2"" Finished Seneca HDs 1345x331)",124,132963.00,0.6%,1072.28
"20-3011-1228 (32"" Finished Seneca HDs 1920x1080, No Glass)",1,290.00,0.0%,290.00
"20-3011-1259 (20.9"" Finished Seneca, Single LCD, PoE, IK10)",77,63739.83,0.3%,827.79
"20-3011-1263 (21.9"" Finished Seneca Element 3.5SBC, 1920x720, 2ft header ELM)",1,0.00,0.0%,0.00
"20-3011-1266 (27"" Finished Seneca HDs POE 1920x1080, with glass and Display port)",20,7700.00,0.0%,385.00
"20-3011-1267 (10.1"" Custom Finished, G1, Harbor Flip, 1280 x 800     )",7,1920.00,0.0%,274.29
"20-3011-1270 (10.1"" Finished, G1, Capacitive Touch 1280 x 800)",15,6075.00,0.0%,405.00
"20-3011-1271 (10.1"" Finished B1 Intel, 1280x800, Capacitive Touch, PoE, LED Bars,...",142,49680.00,0.2%,349.86
"20-3011-1272 (20.7"" Finished Intel, Dual LCD, PoE, 1920 x 264  )",900,608400.00,2.7%,676.00
"20-3011-1278 (20.7"" Finished Intel, Dual LCD, PoE, 1920 x 264  )",85,69132.00,0.3%,813.32
"20-3011-1280 (20.9"" Finished Intel, Single LCD, PoE, IK10, 1920x360)",5,3005.00,0.0%,601.00
"20-3011-1284 (15.6” Countertop Intel , Touch, Landscape, 1920x1080)",1,630.00,0.0%,630.00
"20-3012-1006 (27.0"" Finished 4K Touch 3840*2160)",85,43265.00,0.2%,509.00
"20-3012-1021 (43"" Frameless V4k 3840x2160)",1,0.00,0.0%,0.00
"20-3012-1026 (65"" Frameless V4K (HDMI input), USB Capacitive Touch 3840x2160)",525,722400.00,3.2%,1376.00
"20-3012-1039 (43"" Custom Finished 4K Display w/ PCAP touch, speakers (2x20w), mic...",5,9588.00,0.0%,1917.60
"20-3012-1042 (48.3” Daisy Chain Bar LCD, M-HDMI in/out, 3840*720, 9.74"" / 247.43m...",48,29874.00,0.1%,622.38
"20-3012-1047 (48.3” Daisy Chain Bar LCD, M-HDMI in/out, 3840*456, 7.0"" / 177.8mm ...",1,892.00,0.0%,892.00
"20-3012-1052 (35"" Finished 4K Daisy Chain, No Glass, 1920 x 84)",12,2558.00,0.0%,213.17
"20-3012-1060 (44"" UW Finished V4K (HDMI input) 3840x784)",5,5000.00,0.0%,1000.00
"20-3013-1005 (21.9"" Finished V Series, Daisy Chain, 1920x720, No Glass, No SD, No...",55,17710.00,0.1%,322.00
"20-3013-1006 (35.4"" Finished V Series, Daisy Chain, 1920x450, No Glass, No SD, No...",251,135468.00,0.6%,539.71
"20-3014-1001 (23.1” Finished, Daisy Chain, 158x1920       )",11,1820.00,0.0%,165.45
"20-3014-1017 (23.1” Finished, Daisy Chain, No Glass, White, Freezer, 158x1920    )",4,1088.00,0.0%,272.00
"20-3014-1018 (21.9” Finished, Daisy Chain, No Glass, White, Freezer, 1920 x 720  )",1,334.00,0.0%,334.00
"20-3018-0015 (49"" Finished Flex-OS, Thin Bezel, 3840 x 2160)",764,525818.00,2.3%,688.24
"20-3018-0033 (21.5"" Finished Flex-OS, Outdoor, PoE++, 1500 NITS 1920 x 1080  )",0,0.00,0.0%,0.00
"20-3018-0036 (19.5"" Finished Flex-OS,1920 x 1080   )",5,2875.00,0.0%,575.00
"20-3018-0038 (48.5"" UW Finished Flex-OS, 3840x512, (48.5x7.5""))",5,4010.00,0.0%,802.00
"20-3018-0040 (21.5"" Frameless Flex-OS,1920 x 1080   )",5,1930.00,0.0%,386.00
"20-3018-0044 (20.9"" UW Finished Countertop, Flex-OS, 1920x360  )",26,19994.00,0.1%,769.00
"20-3018-0045 (69"" UW Frameless Flex-OS,     )",1,1498.00,0.0%,1498.00
"20-3018-0047 (18.5"" Custom Frameless Flex-OS, 700nits, w/ removable mounting ear,...",48,27312.00,0.1%,569.00
"20-3018-0048 (21.5"" Custom Frameless Flex-OS, 1500nits, w/ removable mounting ear...",24,19062.24,0.1%,794.26
"20-3018-0050 (21.5"" Finished Flex-OS, PoE+, w/ Port Cover 1920 x 1080)",50,24950.00,0.1%,499.00
"20-3018-0051 (55"" Finished Flex-OS, Dual Sided , 3500NIT/500NIT , 3840 x 2160  )",2,6272.00,0.0%,3136.00
"20-3018-0053 (21.5"" Finished Flex-OS Mirror 1500nits 1920x1080)",10,9150.00,0.0%,915.00
"20-3018-0054 (65"" Finished Flex-OS, 3840x2160     )",1,1241.00,0.0%,1241.00
"20-3018-0057 (15"" Finished Flex-OS, Outdoor,  POE, IK10, AG, 1500Nits, 1024 x 768...",1,2300.00,0.0%,2300.00
"20-3018-0060 (50.5"" Finished Flex-OS, 3840x1350  )",2,2576.00,0.0%,1288.00
"20-3018-0063 (28.4"" Custom Finished Flex-OS, 1920 x 494)",1,749.00,0.0%,749.00
"20-3018-0068 (43"" Dual Finished Flex-OS, 2000 NIT4K/ 500 NIT 4K)",2,5732.00,0.0%,2866.00
"20-3018-0069 (23.8"" Frameless Flex-OS, 1920x1080)",4,1912.00,0.0%,478.00
"20-3018-0073 (43.6"" Finished Flex-OS, 3840x600 ( 8"" Height)   )",6,6984.00,0.0%,1164.00
"20-3018-0074 (46.6"" Finished Flex-OS, 3840x1576 ( 19"" Height)     )",6,6984.00,0.0%,1164.00
"20-3018-1017 (22"" Square Finished Flex-OS, Black, Touch, 1920x1920  )",8,9816.00,0.0%,1227.00
"20-3018-1020 (48.5"" UW Finished Flex-OS, Touch, 3840x720, (48.5x10""))",3,5683.98,0.0%,1894.66
"20-3018-1029 (49.1"" UW Finished Flex-OS, Touch, 3840x960  (48.5x13""))",4,7604.00,0.0%,1901.00
"20-3018-1030 (55"" Finished Flex-OS, IK10, Touch, 3840X2160  )",9,13176.00,0.1%,1464.00
"20-3018-1031 (15.6"" Outdoor Finished Flex OS, HS145 Touch POE++, IK10, AntiGlare,...",105,133518.00,0.6%,1271.60
"20-3018-1034 (22"" White Square Finished Flex-OS, Touch,  1920x1920  )",1020,1230015.00,5.4%,1205.90
"20-3018-1037 (28"" UW Finished Flex-OS, Touch, 1920x360)",9,9000.00,0.0%,1000.00
"20-3022-0033 (21.5"" Finished Bright Sign Built-In (HS145) POE, Outdoor 1920 x 1080)",1,1217.00,0.0%,1217.00
"20-3041-0019 (35.4"" Finished Intel,1920x438)",305,262300.00,1.1%,860.00
"20-3041-0020 (48.5"" UW Finished Intel, 3840x720, (48.5x10""))",4,4376.00,0.0%,1094.00
"20-3041-1002 (43"" Finished Intel, Touch, 3840 x 2160      )",4,3208.00,0.0%,802.00
"20-3041-1014 (13.3"" Finished Intel, Touch, PoE, 1920x1080)",8,3815.00,0.0%,476.88
"20-3041-1015 (15.6"" Finished Intel, Touch, PoE, 1920x1080)",2,1220.00,0.0%,610.00
"20-3041-1016 (21.5"" Finished Intel, Touch, PoE, 1920x1080)",2,1340.00,0.0%,670.00
"20-3041-1019 (35.4"" Finished Intel, Touch 1920x438)",1,990.00,0.0%,990.00
"20-3041-1022 (13.3"" Finished Intel, Touch, PoE, Outdoor, 1920 x 1080)",1,1389.00,0.0%,1389.00
"21-1000-1001 (Win 10 IoT Enterprise LTSC 2021 21H2 x64 English (1:M))",539,34712.00,0.2%,64.40
"21-1000-1002 (Win 11 IoT Enterprise LTSC 2024 ESD OEI Entry EPKEA (1:M))",158,375.00,0.0%,2.37
"21-1000-1005 (Windows® 11 IoT Enterprise Entry (ESD) ePKEA (1:M))",6,420.00,0.0%,70.00
"21-1000-1007 (Debian 10)",100,0.00,0.0%,0.00
"21-1000-1008 (Win 10 IoT Enterprise LTSC 2021 21H2 x64 English (1:1))",10,650.00,0.0%,65.00
"21-1000-1013 (Windows 11 loT Enterprise LTSC)",2,0.00,0.0%,0.00
"21-1000-1015 (Debian 12 (128GB EmmC))",7,0.00,0.0%,0.00
"21-1001-1015 (Debian 12 (64GB EmmC))",6,0.00,0.0%,0.00
"70-2003-0002 (DIO Board, 2BBL, ROHS  )",300,16833.00,0.1%,56.11
"70-2059-0001 (Lower Board, Watt, ROHS.  )",590,53631.00,0.2%,90.90
"70-2059-0002 (ONE BARREL WATT BOARD ROHS  )",20,1155.00,0.0%,57.75
"70-2061-0002 (RAM/EEPROM PIGGYBACK  )",40,1308.00,0.0%,32.70
"70-2065-0002 (ANNUNCIATOR, PCB, MASTER LED STATUS  )",116,987.40,0.0%,8.51
"70-2077-0001 (ASSY, Watt Board, 550, ROHS  )",1,74.10,0.0%,74.10
"70-2085-0002 (DIO 2BBL ASSY, ROHS  )",100,5340.00,0.0%,53.40
"70-2085-0004 (DIO 4BBL ASSY, ROHS  )",200,17920.00,0.1%,89.60
"70-2145-0001 (35X MAIN BOARD ASSY  )",10,1470.10,0.0%,147.01
"70-2177-0001 (Power Adapter POWER SUPPLY, LGP NO ANUCT  )",180,2989.80,0.0%,16.61
"70-2203-0001 (Upper Control Board. Piggy Back Installed, ROHS.  )",200,29400.00,0.1%,147.00
"AC03-WHITE (AC03 - White - USB AC Charger - Color.  AC USB Adapter with single US...",4350,11722.70,0.1%,2.69
"AC05-WHITE (AC05 - Quad Charge -White Color 4 USB Charger for AC Outlets. UL Listed)",2917,24826.43,0.1%,8.51
"AC12B-WHITE (AC12 - """" -White Color 2 USB / 1 AC Outlet  charger for AC Outlets w...",562,4507.80,0.0%,8.02
"AC25B-WHITE (AC25B - White AC Charger. ETL Certified, Input:100 -240VAC          ...",459,9522.96,0.0%,20.75
"AC26-WHITE (AC26 - White AC Charger ETL Certified, PD32W Dual Port Wall Charger  ...",1199,9284.49,0.0%,7.74
"ACAT01- CUSTOM (Custom Molded Silcone case for AT01)",3,0.00,0.0%,0.00
"ACAT01-WHITE (White Silcone case for AT01)",454,348.00,0.0%,0.77
"AT-AC03-SL (Basic Silver Lanyard for USB Drives)",200,70.00,0.0%,0.35
"AT-BAT-AAA (Generic AAA Batteries)",6690,1467.70,0.0%,0.22
"AT-PK-HW01 (Box, Cable and manual for HW01. bundle with HW02 to create HW01)",389,0.00,0.0%,0.00
"AT-PK-SC21 (White Tuck box for SC21)",10852,1171.50,0.0%,0.11
"AT-UD20-U2-16G-BLACK (UD20 - Twist - Black 16G  USB 2.0 Drive)",650,1243.50,0.0%,1.91
"AT-UD20-U2-16G-BLUE (UD20 - Twist - Blue 295 16G  USB 2.0 Drive)",700,1800.00,0.0%,2.57
"AT-UD20-U2-4G-BLACK (UD20 - Twist - Black 4G  USB 2.0 Drive)",4292,7920.92,0.0%,1.85
"AT-UD20-U2-4G-BLUE (UD20 - Twist - Blue 295 4G  USB 2.0 Drive)",400,916.00,0.0%,2.29
"AT-UD20-U2-4G-RED (UD20 - Twist - Red 4G  USB 2.0 Drive)",122,185.00,0.0%,1.52
"AT-UD20-U2-4G-Reflex Blue (UD20 - Twist - Reflex Blue 4G  USB 2.0 Drive)",100,225.00,0.0%,2.25
"AT-UD20-U2-8G-BLACK (UD20 - Twist - Black 8G  USB 2.0 Drive)",1600,3646.00,0.0%,2.28
"AT-UD20-U2-8G-BLUE (UD20 - Twist - Blue 295 8G  USB 2.0 Drive)",100,231.00,0.0%,2.31
"AT-UD20GBE-U2-4G-REFLEXLUE (UD20 -Consignment Inventory Twist -Reflex Blue  4G  U...",500,970.00,0.0%,1.94
"BA01-WHITE (BA01 - Boost USB Charger - White - USB based charging booster for mob...",180,549.00,0.0%,3.05
"BA03 (BA03 -Wheat Straw multi Port data protector.)",386,1768.55,0.0%,4.58
"BAT-AAA (Generic AAA Batteries)",2880,729.00,0.0%,0.25
"BF-FS55-CTA (Floorstand for 55"" Display)",3,0.00,0.0%,0.00
"BO13 (BO13- Silver Bottle Shaped Steel Bottle opener.)",250,115.00,0.0%,0.46
"BO17 (BO17-  Custom PVC Bottle Openers.)",1250,2922.50,0.0%,2.34
"BSBI-HS124 (BrightSign Built-In HS124 companion board)",14,0.00,0.0%,0.00
"BSBI-HS125 (BrightSign Built-In HS125 companion board)",3514,0.00,0.0%,0.00
"BSBI-HS144 (BrightSign Built-In HS144, 4K companion board)",7,0.00,0.0%,0.00
"BSBI-HS145 (BrightSign Built-In HS145 companion board)",9929,83085.00,0.4%,8.37
"BSBI-WD104 (BrightSign Built-In WD104, dual antenna Wi-Fi Module  )",438,8100.00,0.0%,18.49
"BSBI-WD104-500 (BrightSign Built-In WD104, dual antenna Wi-Fi Module, 500mm long ...",2302,66075.00,0.3%,28.70
"BSBI-WIFI (BrightSign Built-In Wi-Fi Module, WS103 Series 3 WIFI/Bluetooth  )",-1,0.00,0.0%,0.00
"BSBI-WS-ANT (BrightSign WS 101 antenna only)",50,600.00,0.0%,12.00
"BSBI-XT1144-PP (BrightSign Built-In XT1144-PP-PCBA)",4141,2750.00,0.0%,0.66
"CA10 (CA10 - 2 port Car Charger - 30W PD and 18W QC.   Input: DC 12-24V, USB-C ou...",252,1305.00,0.0%,5.18
"CB101 (CB101)",300,1026.00,0.0%,3.42
"CB31 (CB31 - Multicolor 4 in 1 Charging cable.  6 pin lightning, micro usb, mini ...",2850,9458.00,0.0%,3.32
"CB32-WHITE (CB32 - White 3 in 1 keychain charging cable.  6 pin lightning, micro ...",2270,10592.50,0.0%,4.67
"CB34-BLUE (CB34 - Blue Square keychain 3 in 1 Charging cable.  6 pin lightning, m...",100,169.00,0.0%,1.69
"CB35 (CB35 - Keychain Data & Charging cable includes type C, Apple lightning and ...",250,603.00,0.0%,2.41
"CB39 (CB39 - Swiss Army Cable -  Folding 3 in 1 charge cable.  Includes: Type C, ...",400,1412.00,0.0%,3.53
"CB46 (CB46 - Keychain 3 in charging Cable with aluminum accents.  Includes Type C...",2900,6962.30,0.0%,2.40
"CB46-BLACK (CB46 -Black -  Keychain 3 in charging Cable with aluminum accents.  I...",2450,5328.00,0.0%,2.17
"CB47 (CB47- Braided 3 in 1 Charging cable with aluminum trim.  Includes Type C,  ...",6600,16948.70,0.1%,2.57
"CB47-BLACK (CB47-Black -  Braided 3 in 1 Charging cable with aluminum trim.  Incl...",2765,8049.12,0.0%,2.91
"CB54 (CB54- Braided 3 in 1 Charging cable with aluminum trim.  Includes Type C,  ...",15,0.00,0.0%,0.00
"CB61 (CB61- - Bamboo Charging Cable, USB A input, USB C input, USB C output ( 2A ...",5568,15278.64,0.1%,2.74
"CB62 (CB62- - Bamboo Charging Cable Kit. Includes USB-A  to USB-C cable and, C to...",15448,89833.75,0.4%,5.82
"CB63-BLACK (CB63- - Black Plastic Charging Cable Kit. Includes USB-A  to USB-C ca...",1886,12344.95,0.1%,6.55
"CB63-WHITE (CB63- - White Plastic Charging Cable Kit. Includes USB-A  to USB-C ca...",1595,5883.45,0.0%,3.69
"CB64-BLACK (CB64- - Black Square retractable 3 in 1 charging cable with phone sta...",1451,5119.00,0.0%,3.53
"CB64-WHITE (CB64- - White Square retractable 3 in 1 charging cable with phone sta...",400,1240.00,0.0%,3.10
"CB65 (CB65- - White 1M 60 Watt USB C to USB C charging cable.)",282,618.13,0.0%,2.19
"CB66 (CB66- - Black Braided Type C 60 Watt PD 3 in 1 data cable.  Type C 60Wpd ou...",500,1416.00,0.0%,2.83
"CB69 (CB69- - Square Bamboo Charging Cable Kit. Includes USB-A  to USB-C cable an...",2230,15117.60,0.1%,6.78
"CB72 (CB72 Cable Bracelet - Lightning Charging cable.  )",500,825.00,0.0%,1.65
"CB73 (CB73 Cable Bracelet - Type C Charging cable.  )",500,825.00,0.0%,1.65
"CB74 (CB74 - Small Woven Type A to Type C USB Data Cable Bracelet.  Approximately...",100,241.80,0.0%,2.42
"CB78 (CB78 - Type C 100 Watt, 3 in 1 Retractable Data Cable.  Features Type C inp...",1,0.00,0.0%,0.00
"CB91 (CB91-)",18860,29305.40,0.1%,1.55
"CB99 (CB99- - Epoxy Dome 3 in 1 Charging Cable, USB A input, , USB C output ( 2A ...",1912,6617.00,0.0%,3.46
"CL01 (CL01 - Black -  Wide Eyes Universal Mobile Device Camera Lens. Includes Wid...",100,441.00,0.0%,4.41
"CL03 (CL03- Black - Optical Telescope -  Mobile Camera Lens. Long Focal Length Le...",200,1437.60,0.0%,7.19
"CM04 (CM04 - Custom Molded and UV Printed Metal Magnetic Nametags)",5200,12740.00,0.1%,2.45
"CM05 (CM05 - Custom Molded Metal Bottle Openers.)",750,2550.00,0.0%,3.40
"CM10 (CM10 - Custom Molded Silicone Straw Toppers)",12000,11861.00,0.1%,0.99
"CM12 (CM12 - CUSTOMPVC - Custom PVC Phone Stand.)",523,3912.45,0.0%,7.48
"CO03-WHITE (CO03 - 45QT White Cater Gater rotomolded cooler.)",2,420.00,0.0%,210.00
"CR01 (CR01 - Custom PVC Croc Charms)",73303,40434.56,0.2%,0.55
"CR03 (CR03 - 3  Pack Custom PVC Croc Charms on 4 x 6"" Full Color Backer Card in f...",500,1835.00,0.0%,3.67
"CR04 (CR04 - 4 Pack Custom PVC Croc Charms on 4 x 6"" Full Color Backer Card in fi...",525,1601.25,0.0%,3.05
"CR05 (CR05 - 5 Pack Custom PVC Croc Charms on 4 x 6"" Full Color Backer Card in fi...",500,1626.00,0.0%,3.25
"CT01-ORANGE (CT01 - Orange 80 x 30cm, 155g Polyester Cooling Towel.)",650,1209.00,0.0%,1.86
"CT01-WHITE (CT01 - White 80 x 30cm, 155g Polyester Cooling Towel.)",500,930.00,0.0%,1.86
"CT03 (CT03 - White 80 x 30cm, 155g Polyester Cooling Towel with 1 location Sublim...",450,905.00,0.0%,2.01
"CT05-WHITE (CT05 -Rpet White 80 x 30cm, 155g Rpet Cooling Towel.)",1000,1860.00,0.0%,1.86
"CT06 (CT06 - Rpet - White 80 x 30cm, 155g Rpet Cooling Towel with 1 location Subl...",530,1599.60,0.0%,3.02
"CT07 (CT07 -Cooling Sublimated 2 Layer  Headband.)",500,1075.00,0.0%,2.15
"DF070C-IPS-MF-WHITE (DF07-IPS-MF -  White Matte Finish flat bezel, 7"" IPS Digital...",47,1818.65,0.0%,38.69
"DF07B-MF-WHITE (DF07B-MF - PictureIT - White Matte Finish flat bezel, 7"" Digital ...",905,31245.90,0.1%,34.53
"DM04 (DM04 - Distance Measurer-  Ultrasonic distance measurer.)",94,1621.50,0.0%,17.25
"DM07 (DM07 - Distance Measurer-  Laser Distance Measurer .4-40m range.)",200,6736.00,0.0%,33.68
"DW01-SILVER (20 Oz  Silver -  Double Wall Stainless Tumbler)",2222,6279.40,0.0%,2.83
"DW01P-BLACK (20 Oz  Black - Powder Coated Double Wall Stainless Tumbler)",2535,10745.96,0.0%,4.24
"DW01P-WHITE (20 Oz  White - Powder Coated Double Wall Stainless Tumbler)",5541,28865.32,0.1%,5.21
"DW02-BLACK (DW02- Black - 30oz - Double Wall Stainless Vacuum Tumbler.)",358,2074.71,0.0%,5.80
"DW02-SILVER (DW02- Silver- 30oz - Double Wall Stainless Vacuum Tumbler.)",1730,7073.19,0.0%,4.09
"DW06-BLACK (DW06- Black - 12oz cup with stainless band.)",1141,3117.11,0.0%,2.73
"DW06-RED (DW06- Red 12oz cup with stainless band.)",51,220.25,0.0%,4.32
"DW06-SILVER (DW06- Silver - 12oz cup with stainless band.)",2727,7727.20,0.0%,2.83
"DW06-WHITE (DW06- White 12oz cup with stainless band.)",3157,8759.22,0.0%,2.77
"DW07-BLACK (DW07- Black - 20oz straw bottle.)",374,2158.69,0.0%,5.77
"DW07-WHITE (DW07- White - 20oz straw bottle.)",963,5708.14,0.0%,5.93
"DW16-RED (DW16- Red - 20 OZ Double Wall Vacuum Stainless Tumbler with straw and B...",126,302.00,0.0%,2.40
"EB48-WHITE (EB48 - """" - White Wired Earbuds. Large Imprintable area on earbuds.)",250,507.50,0.0%,2.03
"EB54 (EB54 - Bone Conduction Headphones.   Bluetooth 5.0)",47,562.60,0.0%,11.97
"EB56 (EB56 - Budget Bluetooth earbuds.)",12259,88834.14,0.4%,7.25
"EB57 (EB57 - McDonalds Custom PVC earbuds.)",4023,14321.88,0.1%,3.56
"EC01-BLACK (EC01 - Silicone Airpod Case Covers - Black Silicone Case Cover for Ap...",251,424.19,0.0%,1.69
"EC03-BLACK (EC03 -  Black Thin Silicone Airpod Case Covers - for Apple Airpods, i...",500,215.00,0.0%,0.43
"EC03-BLUE (EC03 - Royal Blue ThinSilicone Airpod Case Covers - for Apple Airpods,...",450,260.00,0.0%,0.58
"EC05-BLACK (EC05 - Silicone Airpod Plus Case Covers - Black Silicone Case Cover f...",1922,4076.50,0.0%,2.12
"EC05-BLUE (EC05 - Silicone Airpod Plus Case Covers - Blue Silicone Case Cover for...",450,945.70,0.0%,2.10
"EC05-WHITE (EC05 - Silicone Airpod Plus Case Covers - White Silicone Case Cover f...",1000,1960.00,0.0%,1.96
"EC07-BLACK (EC07 - Silicone Airtag Keyring Covers - Black Silicone Case Cover for...",388,599.76,0.0%,1.55
"EC07B-BLACK (EC07B - Silicone Airtag Keyring Covers - Black Silicone Case Cover f...",500,747.50,0.0%,1.50
"EC07B-BLUE (EC07B - Silicone Airtag Keyring Covers - Blue Silicone Case Cover for...",2253,3065.95,0.0%,1.36
"EC09-BLACK (EC09 - - Black Leather Case for Apple Airtags includes Split ring key...",6152,16541.71,0.1%,2.69
"EC09-BROWN (EC09 - - Brown Leather Case for Apple Airtags includes Split ring key...",956,2502.11,0.0%,2.62
"EC10-BLACK (EC10 - - Black Silicone Apple Airpods Gen 3 Case with carabiner.)",1235,2531.75,0.0%,2.05
"EC11 (EC11 - Custom Designed PVC Apple Airpod Case (3rd Gen).)",172,540.00,0.0%,3.14
"EC12 (EC12 - Custom Designed PVC Apple Airpod Pro Case(2nd Gen).)",155,719.20,0.0%,4.64
"EC15 (Silicone Dog Collar Airtag Case)",125,228.75,0.0%,1.83
"EC18 (EC18 - Black Card Style Airtag Holder.)",250,557.50,0.0%,2.23
"EC19 (EC19 PU Luggage Tag with Airpod Holder.)",3151,5395.00,0.0%,1.71
"EC20 (EC20 - - Black Silicone Apple Airpods Gen 4 Case with carabiner.)",125,280.00,0.0%,2.24
"ES04 (ES04 - Bluetooth Earbud Connector to transmit through 3.5mm audio jack.  Ea...",13163,137651.69,0.6%,10.46
"ES05 (ES05 -White Bluetooth Wireless Transmitter witih LED.Transmit or recieve to...",470,5986.50,0.0%,12.74
"FM21 (FM21 - White 3 layerPolyester Face Mask with 1 location Sublimation Imprint..)",250,505.00,0.0%,2.02
"FN05B-BLACK (FN05B -3 in 1 Fan - Black with black trim Silcone Fan with Type C,  ...",3100,7686.50,0.0%,2.48
"FN05B-CUSTOM (FN05B -3 in 1 Fan - Custom Color with black trim Silcone Fan with T...",3073,5250.00,0.0%,1.71
"FN05B-WHITE (FN05B -3 in 1 Fan - White with black trim Silcone Fan with Type C,  ...",10313,20711.91,0.1%,2.01
"FN09B-CUSTOM (FN09B - - Custom Color Cool Breeze Neck Fan.)",7401,55426.00,0.2%,7.49
"FN09B-WHITE (FN09B - - White Cool Breeze Neck Fan.)",15339,164484.90,0.7%,10.72
"FN11 (FN11 White Two way folding hand fan with 3 speeds.  1200 mAh battery, usb r...",1375,11486.80,0.1%,8.35
"FN12 (FN12 White Folding Hand Fan with built in phone stand, mirror and flashlight.)",210,1424.36,0.0%,6.78
"FN15 (FN15 Charcoal Grey Aluminum Mini Fan.  3 Speeds, 4000mah battery. Up to 20 ...",9,54.54,0.0%,6.06
"HS03-BEIGE (HS03 - Beige Wheat Straw Dog Bone Shaped Dog Poop bag holder.)",850,510.00,0.0%,0.60
"HW01-BLACK (HW01  Black Single Handwarmer.  3 heat settings, white box package.)",244,2421.08,0.0%,9.92
"HW02-BLACK (HW02  2 Pack of Black Handwarmers.  3 heat settings, white box package.)",6390,119891.53,0.5%,18.76
"IC07 (IC07- Rotate  Ipad 10.2 Case.  Leatherette case rotates 360 degrees for ult...",4290,37935.30,0.2%,8.84
"IC34 (IC34- Rotate  Ipad 10th Generation Case.  Leatherette case rotates 360 degr...",2655,25050.35,0.1%,9.44
"IC36 (IC36- Ipad Pro 12.9"" 6th Gen Hard Case with Hand Strap.)",1100,25245.00,0.1%,22.95
"IS01-BLACK (IS01- """"- Black Aluminum Tablet /  Mobile Device Stand.)",471,976.10,0.0%,2.07
"IS01-BLUE (IS01- """"- Blue Aluminum Tablet /  Mobile Device Stand.)",350,346.50,0.0%,0.99
"IS01-SILVER (IS01- """"- Silver Aluminum Tablet /  Mobile Device Stand.)",1152,2358.00,0.0%,2.05
"IS03-BLACK (IS03- """"- Folding Black Aluminum Tablet /  Mobile Device Stand.)",1582,15172.60,0.1%,9.59
"IS03-SILVER (IS03- """"- Folding Silver Aluminum Tablet /  Mobile Device Stand.)",1226,11234.28,0.0%,9.16
"IS08 (IS08- Black Plastic  Folding Phone Stand)",400,1713.00,0.0%,4.28
"JB-CUSTOM-10000 (JB-Custom PVC PowerBank - 10,000mah)",601,9462.69,0.0%,15.74
"JB01-BLACK (JB-Topaz, Black 2200 MaH Emergency Charger.  5V, 1A Output via USB.  ...",111,792.00,0.0%,7.14
"JB13 (JB-Solar trim 4400 MaH Emergency Charger, with Solar panel.  5V, 1A Output ...",3902,40381.80,0.2%,10.35
"JB16 (JB-Renew 8800 MaH Emergency Charger, with Solar panel.  5V, 1A Output via U...",601,10113.00,0.0%,16.83
"JB2169-GREY (JB2169- 5K mah Dark  Aluminum Magsafe Compatible Power Bank with u s...",2699,37235.97,0.2%,13.80
"JB25-BLACK (JB-Aluminum Black 4000 MaH Emergency Charger.  5V, 2.1 & 1A Output vi...",636,6030.27,0.0%,9.48
"JB25-SILVER (JB-Aluminum Silver 4000 MaH Emergency Charger.  5V, 2.1 & 1A Output ...",1911,15947.60,0.1%,8.35
"JB39D-WHITE (JB39D -  Compact White 5000mah High Density Power bank. USB C output.)",2775,24239.51,0.1%,8.73
"JB43-WHITE (JB43 -  White 10,000mah Power Bank, Output: 1 x 2.1A, 1 x 1A)",2061,21548.01,0.1%,10.46
"JB52-WHITE (JB52 - White - Charge N Go 200mah keychain power bank with integrated...",653,2628.04,0.0%,4.02
"JB57 (JB57 - 5000 mah Magnetic Wireless Charging Power Bank. With 20W PD Output.)",17743,248739.80,1.1%,14.02
"JB58 (JB58 - 20K Mah 65 Watt Power Bank.    Total 65W PD output)",556,17995.19,0.1%,32.37
"JB59 (JB59 - 10,000mah Solar and   Wireless Charging Power Bank.  Includes built ...",1090,23589.15,0.1%,21.64
"JB60 (JB60 - 10,000mah See Through Wireless Charging Power Bank supports MagSafe ...",400,7325.24,0.0%,18.31
"JB65 (JB65 - Black 3 in 1, 10K Mah Magnetic 15W Wireless Charging Power Bank..  C...",2,0.00,0.0%,0.00
"JB66 (JB66 - 10,000ma Magnetic Wireless  Power Bank with LED.  Type C output. Inc...",5296,94390.67,0.4%,17.82
"JB69 (JB69-5000mah Power Bank with Light  up Logo)",201,2588.00,0.0%,12.88
"JB70 (JB70-10000mah Power Bank with Light  up Logo)",252,4306.50,0.0%,17.09
"JB72 (JB72- Business Notebook with 8000mah Power Bank and 16GB Flash Memory.)",61,1592.71,0.0%,26.11
"LG02 (LG02 - Sublimated Luggage Strap.)",1580,5818.40,0.0%,3.68
"LG03 (LG03 - Silkscreen Luggage Strap - PolyLuggage Strap.)",100,384.00,0.0%,3.84
"LG04 (LG04 - Custom PVC Luggage Tag)",5480,16002.06,0.1%,2.92
"LG05 (LG05 - Custom PVC Keychain)",31544,63829.16,0.3%,2.02
"LG06 (LG06 - Round Badge Reel with Epoxy Dome Logo.)",500,520.00,0.0%,1.04
"LG08 (LG08 - Custom PVC Zipper Pull)",500,810.00,0.0%,1.62
"LS01-BLACK (LS01 - Luggage Scale - Black LED Scale for weighing your luggage or o...",1558,6029.46,0.0%,3.87
"LY-SPECIAL (LY-SPECIAL -Special Order Lanyards.)",3050,7632.00,0.0%,2.50
"LY1002 (LY1002 - 3/4"" PET Recycled lanyard with step and repeat logo.   Standard ...",1600,1424.00,0.0%,0.89
"LY101 (LY101 - 1"" Polyester lanyard with Step and Repeat imprint.  Standard J Cli...",8950,6091.80,0.0%,0.68
"LY102 (LY102 -  3/4"" Polyester lanyard with Step and Repeat imprint.  Standard J ...",49051,38796.80,0.2%,0.79
"LY103 (LY103 - 5/8"" Polyester lanyard with Step and Repeat imprint.  Standard J C...",17542,9003.29,0.0%,0.51
"LY104 (LY104 - 3/8"" Polyester lanyard with Step and Repeat imprint.  Standard J C...",7850,3899.00,0.0%,0.50
"LY1202 (LY1202 - 3/4"" Bamboo Fiber lanyard with step and repeat logo.   Standard ...",350,350.00,0.0%,1.00
"LY1203 (LY1203 - 5/8"" Bamboo Fiber lanyard with step and repeat logo.   Standard ...",850,970.00,0.0%,1.14
"LY1401 (LY1401 -1"" Wide Adjustable Polyester Dog Collar)",650,2016.00,0.0%,3.10
"LY1501 (LY1501 -1"" Wide Adjustable Polyester Dog Collar)",100,266.00,0.0%,2.66
"LY1801 (LY1801 -1"" Sublimated Wrist Lanyard with split ring keyring  )",14150,7031.00,0.0%,0.50
"LY1802 (LY1802 -3/4"" Sublimated Wrist Lanyard with split ring keyring  )",3000,1485.00,0.0%,0.50
"LY201 (LY201 - 1"" Polyester with Sublimation print.  Standard J Clip attachment.)",15905,12764.95,0.1%,0.80
"LY202 (LY202 -  3/4"" Polyester with Sublimation print.  Standard J Clip attachment.)",130252,76810.83,0.3%,0.59
"LY203 (LY203- 5/8"" Polyester with Sublimation print.  Standard J Clip attachment.)",11850,5931.00,0.0%,0.50
"LY204 (LY204- 3/8"" Polyester with Sublimation print.  Standard J Clip attachment.)",501,354.50,0.0%,0.71
"LY303 (LY303- 5/8"" Tubular lanyard with step and repeat logo.  Standard J Clip at...",250,172.50,0.0%,0.69
"LY304 (LY304-  3/8"" Tubular lanyard with step and repeat logo.  Standard J Clip a...",6900,3204.00,0.0%,0.46
"LY401 (LY401 - 1"" Polyester lanyard  with Sublimation lanyard on top.  Standard J...",3700,5519.00,0.0%,1.49
"LY70-WHITE (LY70- Cable Lanyard - White Woven lanyard with Micro / lightning comb...",350,1260.50,0.0%,3.60
"LY702 (LY702 - 3/4"" Nylon lanyard with step and repeat logo.  Standard J Clip att...",4130,4266.80,0.0%,1.03
"LY902 (LY902 - 3/4"" Reflective lanyard with step and repeat logo.   Standard J Cl...",650,539.50,0.0%,0.83
"LYBH01 (LY-BH01 - 3"" x 4"" Clear PVC Horizontal Badge Holder. Supports 2.25"" x 3.8...",1680,420.00,0.0%,0.25
"LYBH02 (LY-BH02 - 2.5"" x 4""  Clear PVC Vertical Badge Holder.  Supports card dime...",3600,900.00,0.0%,0.25
"MA08-BLACK (MA08 Black Silicone Straw Topper for 40oz Stanley Cups.)",250,270.00,0.0%,1.08
"MA08-BLUE (MA08 Blue Silicone Straw Topper for 40oz Stanley Cups.)",500,465.00,0.0%,0.93
"MA08-WHITE (MA08 White Silicone Straw Topper for 40oz Stanley Cups.)",2100,2310.00,0.0%,1.10
"MA10-WHITE (MA10 White Magnetic Silicone Cable Wrap)",550,325.00,0.0%,0.59
"MG04B (MG04B- Massage Gun)",4800,150667.42,0.7%,31.39
"MG06 (MG06 -Aurora Blue - Eye Massager)",397,5324.23,0.0%,13.41
"MG07 (MG07 - White Eye Massager)",80,5912.13,0.0%,73.90
"MP02 (MP02 -  Gaming Mouse Pad with Full color Graphics.  Approximate size is 14x...",503,2286.66,0.0%,4.55
"MR01-GREY (MR01 - Mobile Ring - Grey Metal Phone Holder Ring.)",1325,873.00,0.0%,0.66
"MR03 (MR03 - Custom Shape Mobile Ring -  Custom shape with metal Phone Holder Ring.)",1501,1679.00,0.0%,1.12
"MSD-16G (16GB Micro SD Card - Black, Bulk Packaging)",1308,3793.20,0.0%,2.90
"OM01 (OM01 - Fly -   Mini Optical Mouse with Retractable Cable)",570,3264.30,0.0%,5.73
"OM14-CUSTOM (OM14 - Lobster -  Foldable wireless mouse with removable USB 2.4Mhz ...",450,3433.50,0.0%,7.63
"OM14-WHITE (OM14 - Lobster -  White, Foldable wireless mouse with removable USB 2...",1343,9095.53,0.0%,6.77
"OM19-BLUE (OM19 - Zoom - Blue -  Wireless mouse.)",250,1730.00,0.0%,6.92
"OM22 (OM22-Adhesive Fabric Mouse Sleeve.  Conveniently store your mouse on the si...",200,700.00,0.0%,3.50
"PH04 (PH04 - Air Mount, Vent mount car phone holder.  )",2185,9614.00,0.0%,4.40
"PH09 (PH09-Clutch  Black  Air Vent Phone Holder)",740,5263.49,0.0%,7.11
"PH21 (PH21 - Black Stick on Magnetic Phone Holder)",350,1162.00,0.0%,3.32
"PH24 (PH24 - Black Car Cup Mount Phone Holder.)",1270,14585.20,0.1%,11.48
"PH25 (PH25 -Clip n Dash -  Black Car Clamp on dash mounted phone holder.)",2000,9740.00,0.0%,4.87
"PH26 (PH26 - Black Vent Mount Gravity Phone Holder.)",501,1448.43,0.0%,2.89
"PH28 (PH28 - Black AirPlane Phone Holder.)",1947,8893.26,0.0%,4.57
"PH29 (PH29 - Deluxe Black AirPlane Phone Holder.)",510,3981.00,0.0%,7.81
"PK-ST01-WS (PK-ST01-WS -  Wheat Straw tube for ST01B.  Eco friendly biodegradable...",1000,250.00,0.0%,0.25
"PK313 (Black Leatherette Zipper case.)",370,8189.40,0.0%,22.13
"PM01-BLACK (PM01 - Pointer Mouse - Black hand held mouse, stylus and powerpoint p...",180,2935.80,0.0%,16.31
"PN01-BLACK (PN01 - Tactical Pen - Black.  Black Aluminum pen with glass breaker.)",417,2942.00,0.0%,7.06
"PW01-BLACK (PW01 - Phone Wallet - Black Silicone Phone Wallet for mobile devices....",5750,4372.50,0.0%,0.76
"PW06B-BLACK (PW06 - Double Phone Wallet - Black Silicone Phone 2 pocket Wallet fo...",1500,910.00,0.0%,0.61
"PW07-BLACK (PW07 - PU Leatherette Phone Wallet with Mobile Ring -  Includes 3M ad...",700,504.00,0.0%,0.72
"PW10-BLACK (PW10 - Black PU Magnetic Phone Wallet with fold out landscape / Portr...",361,3262.00,0.0%,9.04
"PW11-BLACK (PW11 - PU Magnetic Phone Wallet.)",750,1822.50,0.0%,2.43
"PW11-BLUE (PW11 - PU Blue Magnetic Phone Wallet.)",50,121.50,0.0%,2.43
"PW11-BROWN (PW11 - PU Brown Magnetic Phone Wallet.)",250,650.00,0.0%,2.60
"RFID-HIWAV (Hiwav URL.)",4250,0.00,0.0%,0.00
"RFID01 (RFID01- RFID Bracelet -  RFID Bracelet.)",1000,2070.00,0.0%,2.07
"RFID06 (RFID06 -  -  RFID PVC Card with Ntag 213 chipset..)",2100,2058.00,0.0%,0.98
"RFID17 (RFID17- RFID Bracelet -  RFID Elastic Bracelet.    Chipset:  Mifare Class...",500,1210.00,0.0%,2.42
"RFID52 (RFID52 - Digital Business Card powered by Hiwav.  PVC RFID business card ...",4666,26783.61,0.1%,5.74
"RFID60 (RFID60 - NFC Acrylic Table Stand)",112,891.52,0.0%,7.96
"SA03-BLACK (SA03 - Keep Away - Black Portable Safety Alarm with LED light and key...",770,7016.40,0.0%,9.11
"SC03 (SC03  - Wipee - Microfiber Mobile Device Screen Clearn with Self Adhesive S...",1000,950.00,0.0%,0.95
"SC10 (SC10  - Wipee 6 x 6L  -15cm x 15cm  Microfiber Screen Cleaner cloth.)",7500,3488.00,0.0%,0.47
"SC12 (SC12   - Large Wipee  (30 x 30cm)   -  Large Microfiber Cleaner Cloth. ( ap...",500,850.00,0.0%,1.70
"SC21B-DARKBLUE (SC21B  -Spray & Wipe, Navy  Blue, Water based screen cleaner with...",30205,49081.61,0.2%,1.62
"SC21B-GREY (SC21B  -Spray & Wipe,  Grey,   Water based screen cleaner with integr...",56734,94376.29,0.4%,1.66
"SC23 (SC23- - Grey Sticky Microfiber Camera cover / Screen Cleaner.)",500,550.00,0.0%,1.10
"SD-16G-BLACK (16GB SD card)",500,250.00,0.0%,0.50
"SD-ADAPTER-MICRO (SD card adapter for Micro SD Cards.)",100,30.00,0.0%,0.30
"Seneca-HDsV4 (Intel Celeron, 8GB DDR4, 64GB eMMC, 1x Realtek Gigabit 10/100/1000 ...",271,0.00,0.0%,0.00
"SL02B-BLACK (SL02B -Selfie Ring - Black, Round Selfie Light for Mobile phones.)",2400,5267.30,0.0%,2.19
"SL06-BLACK (SL06 -8"" Ring light with Tripod stand and phone holder.)",313,7639.81,0.0%,24.41
"SL07-BLACK (SL07 -10"" Ring light with Tripod stand and phone holder.)",50,1297.50,0.0%,25.95
"SL08-BLACK (SL08 -Black Clip on USB Ring Light.)",25,492.25,0.0%,19.69
"SL14-WHITE (SL14 -Selfie Ring - White, Round Selfie Light for Mobile phones with ...",30057,68764.91,0.3%,2.29
"SLV01 (SLV01- IDControl - RFID Sleeve- Custom Design RFID protective sleeve.)",2000,1500.00,0.0%,0.75
"SLV04-BLACK (SLV04-Black - Vaccine Card Holder-)",2000,349.00,0.0%,0.17
"SLV04-RED (SLV04-Red - Vaccine Card Holder-)",500,85.00,0.0%,0.17
"SP66-BLACK (SP66 -"""" Black Bluetooth Speaker.)",3093,18306.35,0.1%,5.92
"SP66B-BLACK (SP66 -"""" Black Bluetooth Speaker.)",1564,8754.18,0.0%,5.60
"SP76-WHITE (SP76 - White Bluetooth Wireless Speaker with integrated Wireless Char...",2445,41842.96,0.2%,17.11
"SP82B (SP82 - Wood light up Bluetooth speaker.  Recharges vis USB C.)",2381,9945.88,0.0%,4.18
"SP88B (SP88B - Black - IPX 7 Waterproof Bluetooth speaker.  Recharges via Type C.)",2916,63223.93,0.3%,21.68
"SP89 (SP89 - Black - Rectangular IPX 4 Water proof   Bluetooth speaker with carab...",520,2961.00,0.0%,5.69
"SP89B (SP89B - Black - Rectangular IPX 4 Water proof   Bluetooth speaker with car...",13985,81180.42,0.4%,5.80
"SP91 (SP91 - Bamboo Wireless speaker with convenient phone holder on top.)",1392,9399.89,0.0%,6.75
"SP93 (SP93 - Speaker with white noise machine.)",100,1600.00,0.0%,16.00
"ST01B-BLACK (ST01B - Black  Silicone / Stainless Steel retractable straw.)",1368,1135.99,0.0%,0.83
"ST01B-BLUE (ST01B - Blue  Silicone / Stainless Steel retractable straw.)",1156,989.71,0.0%,0.86
"ST01B-RED (ST01B - Red Silicone / Stainless Steel retractable straw.)",1702,1363.00,0.0%,0.80
"TA06 (TA06 -Black with Grey Trim Universal Travel Adapter, with 4 USB (Total 2.4A...",1000,15721.00,0.1%,15.72
"TA09-BLACK (TA09 -Black Universal Travel Adapter, with 3 USB. 1 Type C and 1 PD T...",801,17248.00,0.1%,21.53
"TA11-BLACK (TA11 - Travel Spot -Black Travel Charger.  Features 2  integrated USB...",1762,15766.27,0.1%,8.95
"TA14-WHITE (TA14 -White Travel Adapter / Charger.  Features 1 USBA and 1 USB Type...",1182,12765.90,0.1%,10.80
"TC02 (Time Cube 02 - White 5-15-30-60 Minute Timer Cube)",2,0.00,0.0%,0.00
"TC05 (Cube Timer  - White 5, 10, 15, 20, 30 Minutes.)",740,3766.00,0.0%,5.09
"TL09-BLACK (TL09- Black 3 in 1 COB Flashlight with Magnet, Glass Breaker and Seat...",400,1351.50,0.0%,3.38
"TS01-BLACK (TS01 - The Digit - Black, Capacitive Touch Stylus)",500,390.00,0.0%,0.78
"TS20-WHITE (TS20 -  White,  Touch Stylus)",1450,22922.30,0.1%,15.81
"TT01-BLACK-BLACK (TT01 - Twiddle Twitch - Black with Black Buttons.)",700,1765.00,0.0%,2.52
"TT01-BLACK-ORANGE (TT01 - Twiddle Twitch - Black with Orange Buttons.)",550,1425.60,0.0%,2.59
"TT01-WHITE-BLACK (TT01 - Twiddle Twitch - White with Black Buttons.)",2000,5057.50,0.0%,2.53
"TT01-WHITE-BLUE (TT01 - Twiddle Twitch - White with Blue Buttons.)",800,2047.60,0.0%,2.56
"TT01-WHITE-RED (TT01 - Twiddle Twitch - White with Red Buttons.)",100,264.00,0.0%,2.64
"TT14-BLACK (TT14-Silicone Popper Game - Black)",3395,8107.55,0.0%,2.39
"TT14-RED (TT14-Silicone Popper Game - Red)",900,2104.70,0.0%,2.34
"TT15 (TT15 - Mini silicone Popper)",7325,8852.60,0.0%,1.21
"TT15-CUSTOM (TT15 - Mini silicone Popper - Custom Color.)",35500,44420.00,0.2%,1.25
"TT17 (TT17 Hamburger Popper.)",6096,4094.75,0.0%,0.67
"TT18 (TT18 Spin Magic Ball)",170,642.00,0.0%,3.78
"UA03-BLACK (UA03 - Black Desktop Vacuum with rechargable lithium ion battery.)",250,2825.00,0.0%,11.30
"UA03-WHITE (UA03 - White Desktop Vacuum with rechargable lithium ion battery.)",101,1272.60,0.0%,12.60
"UA06 (UA06 - Aluminum USB C to USB A adapter.)",500,575.00,0.0%,1.15
"UD03-U2-4G (UD03 - Gem -  4GB  USB 2.0 Drive)",100,211.20,0.0%,2.11
"UD03-U2-8G (UD03 - Gem -  8GB  USB 2.0 Drive)",400,922.20,0.0%,2.31
"UD09-U2-4G (UD09 - Glide -  4GB  USB 2.0 Drive)",100,211.00,0.0%,2.11
"UD10-U2-32G (UD10 - Swift -  32GB  USB 2.0 Drive)",300,1224.00,0.0%,4.08
"UD10-U2-4G (UD10 - Swift -  4GB  USB 2.0 Drive)",100,254.00,0.0%,2.54
"UD106-U2-8G (UD106 - Edge Type C-  8GB  USB 2.0 Drive)",100,550.00,0.0%,5.50
"UD107-U2-16G (UD107 Glow Type C-  16GB  USB 2.0 Drive)",300,2187.00,0.0%,7.29
"UD108-U2-64G (UD108 - Pixie Type C-  64GB  USB 2.0 Drive)",100,939.00,0.0%,9.39
"UD108-U2-8G (UD108 - Pixie Type C-  8GB  USB 2.0 Drive)",725,5016.50,0.0%,6.92
"UD109-U2-8G (UD109 - Carabiner -  8GB  USB 2.0 Drive)",1950,6893.00,0.0%,3.53
"UD15-U2-16G (UD15 - Grace-  16GB  USB 2.0 Drive)",300,730.00,0.0%,2.43
"UD15-U2-2G (UD15 - Grace-  2GB  USB 2.0 Drive)",1000,2090.00,0.0%,2.09
"UD15-U2-32G (UD15 - Grace-  32GB  USB 2.0 Drive)",50,195.00,0.0%,3.90
"UD15-U2-4G (UD15 - Grace-  4GB  USB 2.0 Drive)",3050,6346.90,0.0%,2.08
"UD15-U2-8G (UD15 - Grace-  8GB  USB 2.0 Drive)",4650,10276.50,0.0%,2.21
"UD15-U3-16G (UD15 - Grace -  16GB  USB 3.0 Drive)",250,1085.00,0.0%,4.34
"UD15-U3-8G (UD15 - Grace -  8GB  USB 3.0 Drive)",150,623.70,0.0%,4.16
"UD18-U2-4G (UD18 - Opal -  4GB  USB 2.0 Drive)",150,316.50,0.0%,2.11
"UD18-U2-8G (UD18 - Opal -  8GB  USB 2.0 Drive)",300,1005.20,0.0%,3.35
"UD20-U2-128M (UD20 - Twist -  128MB  USB 2.0 Drive)",17402,23015.00,0.1%,1.32
"UD20-U2-16G (UD20 - Twist -  16G  USB 2.0 Drive)",13318,30272.93,0.1%,2.27
"UD20-U2-1G (UD20 - Twist -  1G  USB 2.0 Drive)",5500,9006.90,0.0%,1.64
"UD20-U2-256M (UD20 - Twist -  256MB  USB 2.0 Drive)",380,775.40,0.0%,2.04
"UD20-U2-2G (UD20 - Twist -  2G  USB 2.0 Drive)",11126,19548.75,0.1%,1.76
"UD20-U2-32G (UD20 - Twist -  32G  USB 2.0 Drive)",1400,5193.80,0.0%,3.71
"UD20-U2-4G (UD20 - Twist -  4G  USB 2.0 Drive)",35144,61657.20,0.3%,1.75
"UD20-U2-512M (UD20 - Twist -  512MB  USB 2.0 Drive)",4600,7288.00,0.0%,1.58
"UD20-U2-8G (UD20 - Twist -  8G  USB 2.0 Drive)",17701,45161.40,0.2%,2.55
"UD20-U3-16G (UD20 - Twist -  16G  USB 3.0 Drive)",1210,5116.18,0.0%,4.23
"UD20-U3-32G (UD20 - Twist -  32G  USB 3.0 Drive)",2000,8547.40,0.0%,4.27
"UD20-U3-64G (UD20 - Twist -  64G  USB 3.0 Drive)",300,1698.00,0.0%,5.66
"UD20-U3-8G (UD20 - Twist -  8G  USB 3.0 Drive)",1400,5303.00,0.0%,3.79
"UD201-U2-4G (UD201 - Discus -  4GB  USB 2.0 Drive)",100,331.00,0.0%,3.31
"UD306-U2-128MB (UD306 - KeyNote- 128MBUSB 2.0 Drive)",1000,2630.00,0.0%,2.63
"UD310-U2-16G (UD310 - Millenium - 16GB  USB 2.0 Drive)",500,2160.00,0.0%,4.32
"UD310-U2-32G (UD310 - Millenium - 32GB  USB 2.0 Drive)",300,1555.00,0.0%,5.18
"UD310-U2-8G (UD310 - Millenium - 8GB  USB 2.0 Drive)",100,368.00,0.0%,3.68
"UD43-U2-4G (UD43 - Blade - 4GB  USB 2.0 Drive)",200,422.00,0.0%,2.11
"UD43-U2-8G (UD43 - Blade - 8GB  USB 2.0 Drive)",200,458.00,0.0%,2.29
"UD46-U2-16G (UD46 - Atomic - 16GB  USB 2.0 Drive)",86,316.48,0.0%,3.68
"UD46-U2-4G (UD46 - Atomic - 4GB  USB 2.0 Drive)",100,195.00,0.0%,1.95
"UD52-U2-8G (UD52 - Forrester - 8GB  USB 2.0 Drive)",100,404.00,0.0%,4.04
"UD53-U2-4G (UD53 - Forrester - 4GB  USB 2.0 Drive)",100,333.00,0.0%,3.33
"UD53-U2-8G (UD53 - Forrester - 8GB  USB 2.0 Drive)",1550,6461.50,0.0%,4.17
"UD62-U2-4G (UD62 - Buckle - 4GB  USB 2.0 Drive)",250,820.00,0.0%,3.28
"UD85-U2-1G (UD85 - Key - 1GB  USB 2.0 Drive)",250,752.50,0.0%,3.01
"UD85-U2-4G (UD85 - Key - 4GB  USB 2.0 Drive)",1810,5488.00,0.0%,3.03
"UD95-U2-16G (UD95 - Slim -  16GB  USB 2.0 Drive)",100,386.00,0.0%,3.86
"UD95-U2-32G (UD95 - Slim -  32GB  USB 2.0 Drive)",125,548.75,0.0%,4.39
"UD95-U2-4G (UD95 - Slim -  4GB  USB 2.0 Drive)",1370,3840.80,0.0%,2.80
"UD95-U2-8G (UD95 - Slim -  8GB  USB 2.0 Drive)",100,417.00,0.0%,4.17
"UD98-U2-16G (UD94 - Twist Deluxe- 16GB  USB 2.0 Drive)",2000,8243.00,0.0%,4.12
"UD98-U2-32G (UD94 - Twist Deluxe- 32GB  USB 2.0 Drive)",100,574.80,0.0%,5.75
"UD98-U2-8G (UD94 - Twist Deluxe- 8GB  USB 2.0 Drive)",100,325.00,0.0%,3.25
"UD98-U3-16G (UD94 - Twist Deluxe- 16GB  USB 3.0 Drive)",700,3672.00,0.0%,5.25
"UD98-U3-32G (UD94 - Twist Deluxe- 32GB  USB 3.0 Drive)",100,593.00,0.0%,5.93
"UD98-U3-64G (UD94 - Twist Deluxe- 64GB  USB 3.0 Drive)",100,750.00,0.0%,7.50
"UD98-U3-8G (UD94 - Twist Deluxe- 8GB  USB 3.0 Drive)",1050,4862.50,0.0%,4.63
"UDPVC-U2-16G (UDPVC - Custom PVC Drive - 16GB  USB 2.0 Drive)",466,2569.10,0.0%,5.51
"UDPVC-U2-32G (UDPVC - Custom PVC Drive - 32GB  USB 2.0 Drive)",116,798.08,0.0%,6.88
"UDPVC-U2-4G (UDPVC - Custom PVC Drive - 4GB  USB 2.0 Drive)",600,2869.00,0.0%,4.78
"UDPVC-U2-8G (UDPVC - Custom PVC Drive - 8GB  USB 2.0 Drive)",4996,25601.52,0.1%,5.12
"UDSPECIAL-U2-2G (Special Order USB Drive - 2GB)",250,1050.00,0.0%,4.20
"UDSPECIAL-U2-4G (Special Order USB Drive - 4GB)",600,2006.00,0.0%,3.34
"UH17-WHITE (UH17 - Hubinator - White - 4 port USB Hub.)",100,352.20,0.0%,3.52
"UH18-WHITE (UH18 -  White- 3 port USB Hub with integrated SD and Micro SD card re...",352,733.86,0.0%,2.08
"UH25 (UH25 - Silver 7 in 1 USB C Hub.1- USB C to 87W PD, 3 USB, 1 HDMI, 1-SD, 1-T...",260,4958.28,0.0%,19.07
"UH26 (UH26 - Space Grey, Type C 3 Port USB 3.0 Hub.)",550,1732.50,0.0%,3.15
"UH27 (UH27 - Space Grey, Type A  / Type C 3 Port USB 3.0 Hub.)",1400,9070.00,0.0%,6.48
"UH28 (UH28 - Space Grey, Type A  / Type C  5 in 1 USB Hub.  3 x USB 3.0 Ports, 1-...",50,353.40,0.0%,7.07
"UH29 (UH29 - Space Grey,  Type C  5 in 1 USB Hub.  2 x USB 3.0 Ports, 1 x HDMI, 1...",150,1197.00,0.0%,7.98
"UH31 (UH31 - Space Grey,  Type C  6 in 1 USB Hub.  3 x USB 3.0 Ports, 1 x Gigabit...",200,4466.00,0.0%,22.33
"UH38B (UH38B - Bamboo Type A/C  4 port USB Hub.  integrated USB A/C input cable,....",500,2750.00,0.0%,5.50
"VC01 (VC01 -   Black - USB Powered Webcam.)",100,1195.00,0.0%,11.95
"WB07 (WB07 - 2L PVC Dry Bag with Window.   Approximately 11"" x 7"" x 4.5"" PVC bag ...",1004,3882.00,0.0%,3.87
"WB08 (WB08 - 5L PVC Dry Bag.   Approximately 13.5"" x 11"" x 7"" PVC bag for keeping...",500,2541.00,0.0%,5.08
"WC-CUSTOMPVC (WC-Custom PVC- Custom PVC molded Wireless Charger.  5V 1A)",4334,41935.98,0.2%,9.68
"WC03-BLACK (WC03 - Black Vent Mount Phone Holder / Wireless Charger.)",100,1284.00,0.0%,12.84
"WC03B-BLACK (WC03B - Black Vent Mount Phone Holder / Wireless Charger.)",15,0.00,0.0%,0.00
"WC10B-WHITE/WHITE (WC10B -Wireless Charger -  White with White trim.  Compatible ...",23820,74145.05,0.3%,3.11
"WC16B-WHITE (WC16 - """" - Clear White with black trim,  Wireless Qi Charger.  Uses...",1202,4357.71,0.0%,3.63
"WC21B (WC21B - Black Quick Charge 10W Phone Stand Wireless Charger.  Output : 15W...",825,7736.45,0.0%,9.38
"WC35-BLACK (WC35 - Black 15 Watt, 4 in 1 wireless charger.  Charges phone, airpod...",857,17274.75,0.1%,20.16
"WC36-BLACK (WC36 - Black 15 Watt, 3 in 1 wireless charger.  Charges phone, airpod...",978,24349.67,0.1%,24.90
"WC38B-WHITE (WC38B - White 15 Watt, 3 in 1 folding wireless charger with Plastic ...",3452,49246.40,0.2%,14.27
"WC41 (WC41 - 15Watt White  Wireless Charger, Type C input :5V/3A?9V/2A , Wireless...",5667,32757.72,0.1%,5.78
"WC42 (WC42 - 15Watt Black Vent Mount Wireless Charger, Type C input :5V/3A?9V/2A ...",100,1727.00,0.0%,17.27
"WC43-BLACK (WC43 - Black 15 Watt, 3 in 1 wireless charger.  Charges phone, airpod...",100,3246.50,0.0%,32.47
"WC45-BLACK (WC45- Black Magnetic Max 15Watt 3 in 1 Wireless charger with built in...",303,2187.50,0.0%,7.22
"WC47 (WC47-Space Grey Rotating 3 in 1 Wireless Charging Desktop Phone Stand. 15W ...",77,2503.08,0.0%,32.51
"WC48 (WC48 White Qi2.0  Magnetic  Wireless Charger. Wireless charger output:15W/1...",75,991.35,0.0%,13.22
"WC50 (WC50 - Black / Transparent 15Watt   Wireless Charger, Type C input :5V/3A 9...",920,6877.80,0.0%,7.48
"WC51 (WC51 - Black / Transparent Dual -  15Watt   Wireless Charger, Type C input ...",652,7374.31,0.0%,11.31
"WC52 (WC52 - Bamboo Wireless Charging Phone Stand with LIght up logo-  15Watt   W...",125,1633.45,0.0%,13.07
"WC53 (WC53 - Bamboo Round   Wireless Charger  with LIght up logo-  15Watt   Wirel...",51,504.75,0.0%,9.90
"WC54 (WC54 - Bamboo Square Wireless Charger  with LIght up logo-  15Watt   Wirele...",1,0.00,0.0%,0.00
"Total Inventory",1331245.00,20913440.69,91.5%,15.71
"Parts","","",,""
"20-3003-16GBSDCARD (16GB Sandisk Ultra Class10 MicroSD Card, Gen 3)",1167,1275.00,0.0%,1.09
"20-3008-BSBI-WIFI (BrightSign Built-In WIFI Module)",560,487.50,0.0%,0.87
"20-3008-HS124 (BrightSign Built-In HS124 companion board)",240,0.00,0.0%,0.00
"21-1000-1002F (Win 11 IoT Enterprise LTSC 2024 ESD OEI Entry EPKEA (1:M), for Fac...",40,0.00,0.0%,0.00
"AC01-CK (Carabiner Keychain Attachment for USB Drives)",750,37.50,0.0%,0.05
"AC01-SK (Split Ring Key Ring)",6553,346.25,0.0%,0.05
"AC03-BL (Basic Black Lanyard for USB Drives)",300,0.00,0.0%,0.00
"AC03-SL (Basic Silver Lanyard for USB Drives)",100,20.00,0.0%,0.20
"BF-Misc (Miscellaneous parts for BF)",2,4642.75,0.0%,2321.38
"Custom Build (Custom Build)",120,960.00,0.0%,8.00
"FBD-Misc (Miscellaneous parts for FBD)",3668,58369.20,0.3%,15.91
"LY-BC (LY-BC Bulldog Clip  for Lanyards.)",27386,737.00,0.0%,0.03
"LY-BH-CUSTOM (LN-BH Custom Size PVC Badge Holder for Lanyard.)",16489,2518.75,0.0%,0.15
"LY-BR (LY-BR - Lanyard Badge Reel.)",5075,903.75,0.0%,0.18
"LY-CR (LY-CR - Metal Crimp  for Lanyards.)",3855,154.90,0.0%,0.04
"LY-EXT (LY-EXT -  Lanyard Extension.)",500,100.00,0.0%,0.20
"LY-JC1 (LY-JC1 - Standard J Clip for Lanyards)",25677,270.00,0.0%,0.01
"LY-LC (LY-LC Lobster Claw for Lanyards.)",69451,1872.11,0.0%,0.03
"LY-QR1 (LY-QR1 - Lanyard Quick Release 1)",78874,6473.17,0.0%,0.08
"LY-QR2 (LY-QR2 - Lanyard Quick Release 2)",7700,437.00,0.0%,0.06
"LY-RB (LY-RB - Lanyard Click Release Buckle)",6650,845.00,0.0%,0.13
"LY-SC1 (LY-SC1-  Carabiner 1 for Lanyards.)",3000,0.00,0.0%,0.00
"LY-SC2 (LY-SC2-  Carabiner 2 for Lanyards.)",500,55.00,0.0%,0.11
"LY-SR (LY-SR - Split Ring for Lanyards)",6589,60.00,0.0%,0.01
"PK01-PPE (PK01-PPE -Individual Plastic  Bag PPE03, PPE04, PPE05, PPE06)",10,1.00,0.0%,0.10
"PK01-PVC (Optional PVC Pouch for Screen Cleaners.)",2500,625.00,0.0%,0.25
"PK01-SPG (PK01-SPG Small PE Bag)",14716,648.38,0.0%,0.04
"PK01-WZB01 (Apple Style Plastic Zipper Bag ( Small))",500,50.00,0.0%,0.10
"PK02-LPG (PK02-LPG- Large PE bag with ziplock)",1000,650.00,0.0%,0.65
"PK03-SPX (PK03-SPX - Small clear plastic box with Magnetic Closeure)",3750,2437.50,0.0%,0.65
"PK04-FP01 (PK-FP01 - Small  Grey Drawsting Pouch for Earbuds.)",600,450.00,0.0%,0.75
"PK08-BBS (PK08-BBS - Small black gift box)",750,487.50,0.0%,0.65
"PK08-CRK-BLUE (Blue Crinkle Paper)",1,0.00,0.0%,0.00
"PK08-CRK-WHITE (White Crinkle Paper)",50,0.00,0.0%,0.00
"PK08-CUSTOM (PK08-CUSTOM - Custom Ordered box.)",8133,6697.00,0.0%,0.82
"PK08-KT-WHITE (White Box for KT Kits.)",50,0.00,0.0%,0.00
"PK08-PB01 (PK-PB01 - White Gift Box for Chargers.)",1200,1200.00,0.0%,1.00
"SAMPLES (Samples)",4505,5393.27,0.0%,1.20
"SZ-BSBI-1144XT-PP (BrightSign XT1144-PP board)",4097,131104.00,0.6%,32.00
"SZ-HS125 (HS125 companion board)",2898,86940.00,0.4%,30.00
"SZ-HS145 (HS145 companion board)",13161,394830.00,1.7%,30.00
"SZ-WD104 (Wi-Fi / Bluetooth Dual Antenna Module)",300,1500.00,0.0%,5.00
"SZ-WD104-500 (Wi-Fi / Bluetooth Dual Antenna Module 500mm Cable)",4150,20750.00,0.1%,5.00
"UD20-SWIVEL-BLACK. (Black Swivel for UD20)",4460,0.00,0.0%,0.00
"UD20-SWIVEL-BLUE. (Blue Swivel for UD20)",1050,0.00,0.0%,0.00
"UD20-SWIVEL-CUSTOM. (Custom Swivel for UD20)",2000,0.00,0.0%,0.00
"UD20-SWIVEL-PURPLE. (Purple Swivel for UD20)",20,0.00,0.0%,0.00
"UD20-SWIVEL-SILVER. (Silver Swivel for UD20)",56357,0.00,0.0%,0.00
"UD20-SWIVEL-WHITE. (White Swivel for UD20)",3105,0.00,0.0%,0.00
"Total Parts",394609.00,734328.53,3.2%,1.86
"Service","","",,""
"00-0000-0000 (Art setup charge)",1,1952.00,0.0%,1952.00
"00-9800-0014 (RMA repair)",110,91.00,0.0%,0.83
"21-1000-1009 (Windows Installation, Standard BIOS)",273,3600.00,0.0%,13.19
"21-1000-1010 (Windows Installation for Quad, Custom BIOS, Custom Image, Custom Di...",184,350.00,0.0%,1.90
"21-1000-1011 (Windows Installation for Harbor, Custom BIOS)",1,0.00,0.0%,0.00
"21-1000-1018 (Windows Installation for Quad, Custom BIOS, Custom Image, Custom Di...",13,200.00,0.0%,15.38
"21-1000-1021 (Spinetix Software)",12,0.00,0.0%,0.00
"22-1000-1005 (Installation for Harbor, Custom BIOS)",6,0.00,0.0%,0.00
"3% Credit Car Processing Fee (Credit Card Processing Fee)",5,122.51,0.0%,24.50
"40-0100-0001 (Uniguest Pre-Configure Linux and Test)",2,10.00,0.0%,5.00
"Android 10 (Android 10)",1,0.00,0.0%,0.00
"Android 11 (Android 11)",647,0.00,0.0%,0.00
"Certification- REACH (REACH Certification)",2,20.00,0.0%,10.00
"Certification-CE (CE Certification)",2,1613.00,0.0%,806.50
"Certification-FCC (FCC Certification)",2,864.00,0.0%,432.00
"Certification-UL (UL Certification)",4,20134.75,0.1%,5033.69
"CHARGE-CHANGE (Change order Fee.)",3,105.00,0.0%,35.00
"CHARGE-CHINA-DS1 (International Drop Ship < 100lbs)",83,11344.00,0.0%,136.67
"CHARGE-CHINA-DS2 (International Drop Ship  100+ lbs)",33,5140.00,0.0%,155.76
"CHARGE-DROPSHIP (Drop Ship Charge - Per address)",2615,11563.00,0.1%,4.42
"CHARGE-FULFILLMENT (Fulfillment Charge)",45607,9999.25,0.0%,0.22
"CHARGE-LTM (Less Than Minimum Order)",75,3710.00,0.0%,49.47
"CHARGE-RUSH24 (24 Hour Rush Charge)",957,1110.00,0.0%,1.16
"CHARGE-RUSH48 (48 Hour Rush Charge)",1935,1014.00,0.0%,0.52
"CR01-INSERT (Custom Insert Card for CR01)",1400,770.00,0.0%,0.55
"DATALOAD-1 (Dataload Run Charge < 500MB)",4917,500.00,0.0%,0.10
"DATALOAD-2 (Dataload Run charge 501MB - 1GB)",1026,1439.00,0.0%,1.40
"DATALOAD-3 (Dataload Run Charge per GB over 1.)",332,1216.00,0.0%,3.66
"DATALOAD-DOMESTIC (Domestic Dataload Charge.)",500,387.50,0.0%,0.78
"Debian 10 (Debian 10)",615,0.00,0.0%,0.00
"Debian 11 (Debian 11)",1272,250.00,0.0%,0.20
"Engineering Fee (Engineering Fee)",9,15540.00,0.1%,1726.67
"EVALUATION (Evaluation unit(s) to be returned within 30 days, in original conditi...",46,0.00,0.0%,0.00
"NCNR (Non-Cancellable Non-Returnable order)",23,0.00,0.0%,0.00
"PREPRO-CHARGE (Preproduction Proof Charge)",13,160.00,0.0%,12.31
"PREPRO-REORDER (Reorder Preproduction Proof - Compare with Sample)",7,0.00,0.0%,0.00
"REORDER (Exact Reorder)",5422,1096.70,0.0%,0.20
"RUN-1COLOR (One Color Imprint Run Charge / Location)",669040,16136.96,0.1%,0.02
"RUN-2COLOR (Run Charge - Two Color Imprint - per location)",172383,35383.27,0.2%,0.21
"RUN-3COLOR (Run Charge -  Three Color Imprint - per location)",35393,2710.50,0.0%,0.08
"RUN-4COLOR (Four Color Imprint Run Charge / Location)",7951,0.00,0.0%,0.00
"RUN-5COLOR (Five Color Imprint Run Charge / Location)",1500,0.00,0.0%,0.00
"RUN-DEBOSS (Run Charge - Deboss - per  location)",550,275.00,0.0%,0.50
"RUN-EDGE-FULL COLOR (Run Charge -  Full Color Process Edge to Edge  per location)",11903,309.50,0.0%,0.03
"RUN-FULL COLOR (Run Charge - Full Color Process per location)",435259,64839.93,0.3%,0.15
"RUN-LASER (Run Charge - Laser Engrave -  per location)",17448,283.50,0.0%,0.02
"RUN-OXIDIZED LASER (Run Charge - Oxidized Laser Engrave -  per location)",3000,375.00,0.0%,0.13
"RUN-STEP-REPEAT (Run Charge - Lanyard Step and Repeat)",9726,0.00,0.0%,0.00
"SETUP-1COLOR (Setup Charge - One Color -  per Location)",2864,57165.96,0.3%,19.96
"SETUP-2COLOR (Setup Charge - Two Color -  per Location)",1029,13071.72,0.1%,12.70
"SETUP-3COLOR (Setup Charge - Three Color -  per Location)",34,980.00,0.0%,28.82
"SETUP-DEBOSS (Deboss Setup Charge -  per location)",2,100.00,0.0%,50.00
"SETUP-EPOXY (Epoxy Dome Setup - per logo)",3,131.66,0.0%,43.89
"SETUP-FULL COLOR (Setup Charge -Full Color Process Imprint Setup Charge)",1858,30737.46,0.1%,16.54
"SETUP-LASER (Setup Charge - Laser Engrave)",45,315.00,0.0%,7.00
"SETUP-PVC MOLD (Custom PVC Setup Charge)",132,23366.00,0.1%,177.02
"VAT-China",28,18158.98,0.1%,648.54
"VAT-NL to EU (Intra-community sale -0%- VAT amount 0 EURO)",133,0.00,0.0%,0.00
"VAT-NL to NL (VAT amount 0 euro  VAT Reverse Charged)",38,0.00,0.0%,0.00
"VAT-NL to non-EU (Export - 0% - VAT amount 0 EURO)",82,0.00,0.0%,0.00
"Warranty-1 Yr (Warranty- 1 Year)",41,1419.28,0.0%,34.62
"Warranty-2nd Yr (Warranty-2nd Year)",2086,58669.60,0.3%,28.13
"Warranty-3rd Yr (Warranty-3rd Year)",2082,76723.98,0.3%,36.85
"Total Service",1442765.00,495455.01,2.2%,0.34
"Other Charges","","",,""
"00-9800-0000 (Accounting Adjustment)",0,-1959.36,-0.0%,""
"00-9800-0004 (Marketing Funds)",-2,-13665.53,-0.1%,6832.77
"00-9800-00041 (Marketing Funds-End User Shows)",-9,-21250.00,-0.1%,2361.11
"00-9800-0008 (Processing Fee)",1,3018.00,0.0%,3018.00
"00-9800-0010 (Volume Incentive Rebate Payment)",-124,-137392.42,-0.6%,1108.00
"00-9800-0013 (RMA Discounts/ Customer GW)",-3027,-122497.40,-0.5%,40.47
"00-9800-0017 (Restock Fee)",4,10093.20,0.0%,2523.30
"DROP SHIP (Drop Shipment- No Paperwork!  No Paperwork!)",8345,8445.00,0.0%,1.01
"FREE FREIGHT (Free Freight)",609,172.86,0.0%,0.28
"HST (Harmonized Sales Tax)",27,5617.31,0.0%,208.05
"OTHER FREIGHT (Bill Freight  to Third Party Account #)",5215,940.00,0.0%,0.18
"SHIPPING (Shipping and Handling)",14252,978829.50,4.3%,68.68
"SHIPPING-FOB TORONTO (FREE FREIGHT Shipping and Handling FOB Toronto.)",30,0.00,0.0%,0.00
"THIRD PARTY HANDLING (Handling Charge for using third party shipping account.)",15,46.00,0.0%,3.07
"Total Other Charges",25336.00,710397.16,3.1%,28.04
"Total Uncategorized",3193955.00,22853621.39,100.0%,7.16
"TOTAL",3193955,22853621.39,100.0%,7.16
